DOI,Year,Journal,Membrane,MWCO,Solvent,measured_rejection2,solvent_smiles,Temperature,Process configuration,solute_smiles,full_smiles,dm300,error
10.1016/j.memsci.2017.05.003,2017,Journal of Membrane Science,DM300,300,MeCN,0.48,CC#N,25,DE,[Cl-].CN(C)C1=CC=C(C=C1)[C+](C1=CC=C(C=C1)N(C)C)C1=CC=C(C=C1)N(C)C,[Cl-].CN(C)C1=CC=C(C=C1)[C+](C1=CC=C(C=C1)N(C)C)C1=CC=C(C=C1)N(C)C.CC#N,0.982476722,0.502476722
10.1016/j.jfoodeng.2010.07.020,2011,Journal of Food Engineering,DM300,300,EtOAc,0.97,CC(OCC)=O,30,CF,O=C(OCC(COC(CCCCCCC/C=C/CCCCCCCC)=O)OC(CCCCCCC/C=C/CCCCCCCC)=O)CCCCCCC/C=C/CCCCCCCC,O=C(OCC(COC(CCCCCCC/C=C/CCCCCCCC)=O)OC(CCCCCCC/C=C/CCCCCCCC)=O)CCCCCCC/C=C/CCCCCCCC.CC(OCC)=O,0.581656409,0.388343591
10.1016/j.memsci.2019.117202,2019,Journal of Membrane Science,DM300,300,AcMe,1,CC(C)=O,25,DE,O=C(OCC(OC(CCCCCCCCCCCCCCCCC)=O)COC(CCCCCCCCCCCCCCCCC)=O)CCCCCCCCCCCCCCCCC,O=C(OCC(OC(CCCCCCCCCCCCCCCCC)=O)COC(CCCCCCCCCCCCCCCCC)=O)CCCCCCCCCCCCCCCCC.CC(C)=O,0.626500919,0.373499081
10.1039/c7ra11827a,2017,RSC Adv,DM300,300,MeTHF,0.68,CC1CCCO1,25,CF,O=CC1=CC=C(C(F)(F)F)C=C1,O=CC1=CC=C(C(F)(F)F)C=C1.CC1CCCO1,0.33021946,0.34978054
10.1016/j.memsci.2018.12.077,2019,Journal of Membrane Science,DM300,300,EtOH,0.78,CCO,25,CF,O=C(C(CC(CC(C(OC)=O)C)(C(OC)=O)C)(CC(C(OC)=O)(CC(C(OC)=O)(CC(C(OC)=O)(CC(C(OC)=O)(CC(C(OC)=O)(CC(C(OC)=O)(CC(C(OC)=O)(C)C)C)C)C)C)C)C)C)OC,O=C(C(CC(CC(C(OC)=O)C)(C(OC)=O)C)(CC(C(OC)=O)(CC(C(OC)=O)(CC(C(OC)=O)(CC(C(OC)=O)(CC(C(OC)=O)(CC(C(OC)=O)(CC(C(OC)=O)(C)C)C)C)C)C)C)C)C)OC.CCO,1.039546596,0.259546596
10.1021/acssuschemeng.5b00734,2015,ASCECG,DM300,300,EtOH,0.98,CCO,23,CF,OCC[P+](CCCCCCCC)(CCCCCCC)CCCCCCCC.[I-],OCC[P+](CCCCCCCC)(CCCCCCC)CCCCCCCC.[I-].CCO,0.722332814,0.257667186
10.1016/j.memsci.2018.12.077,2019,Journal of Membrane Science,DM300,300,IPA,0.36,CC(O)C,25,CF,CCCCCCCCCC,CCCCCCCCCC.CC(O)C,0.610690249,0.250690249
10.1016/j.memsci.2018.12.077,2019,Journal of Membrane Science,DM300,300,IPA,0.82,CC(O)C,25,CF,O=C(C(CC(CC(C(OC)=O)C)(C(OC)=O)C)(CC(C(OC)=O)(CC(C(OC)=O)(CC(C(OC)=O)(CC(C(OC)=O)(CC(C(OC)=O)(CC(C(OC)=O)(CC(C(OC)=O)(CC(C(OC)=O)(CC(C(OC)=O)(C)C)C)C)C)C)C)C)C)C)C)OC,O=C(C(CC(CC(C(OC)=O)C)(C(OC)=O)C)(CC(C(OC)=O)(CC(C(OC)=O)(CC(C(OC)=O)(CC(C(OC)=O)(CC(C(OC)=O)(CC(C(OC)=O)(CC(C(OC)=O)(CC(C(OC)=O)(CC(C(OC)=O)(C)C)C)C)C)C)C)C)C)C)C)OC.CC(O)C,1.02913494,0.20913494
10.1016/j.memsci.2018.12.077,2019,Journal of Membrane Science,DM300,300,IPA,0.81,CC(O)C,25,CF,O=C(C(CC(CC(C(OC)=O)C)(C(OC)=O)C)(CC(C(OC)=O)(CC(C(OC)=O)(CC(C(OC)=O)(CC(C(OC)=O)(CC(C(OC)=O)(CC(C(OC)=O)(C)C)C)C)C)C)C)C)OC,O=C(C(CC(CC(C(OC)=O)C)(C(OC)=O)C)(CC(C(OC)=O)(CC(C(OC)=O)(CC(C(OC)=O)(CC(C(OC)=O)(CC(C(OC)=O)(CC(C(OC)=O)(C)C)C)C)C)C)C)C)OC.CC(O)C,1.014772379,0.204772379
10.1016/j.memsci.2018.12.077,2019,Journal of Membrane Science,DM300,300,IPA,0.82,CC(O)C,25,CF,O=C(C(CC(CC(C(OC)=O)C)(C(OC)=O)C)(CC(C(OC)=O)(CC(C(OC)=O)(CC(C(OC)=O)(CC(C(OC)=O)(CC(C(OC)=O)(CC(C(OC)=O)(CC(C(OC)=O)(C)C)C)C)C)C)C)C)C)OC,O=C(C(CC(CC(C(OC)=O)C)(C(OC)=O)C)(CC(C(OC)=O)(CC(C(OC)=O)(CC(C(OC)=O)(CC(C(OC)=O)(CC(C(OC)=O)(CC(C(OC)=O)(CC(C(OC)=O)(C)C)C)C)C)C)C)C)C)OC.CC(O)C,1.020494658,0.200494658
10.1016/j.memsci.2018.12.077,2019,Journal of Membrane Science,DM300,300,IPA,0.82,CC(O)C,25,CF,O=C(C(CC(CC(C(OC)=O)C)(C(OC)=O)C)(CC(C(OC)=O)(CC(C(OC)=O)(CC(C(OC)=O)(CC(C(OC)=O)(CC(C(OC)=O)(CC(C(OC)=O)(CC(C(OC)=O)(C)C)C)C)C)C)C)C)C)OC,O=C(C(CC(CC(C(OC)=O)C)(C(OC)=O)C)(CC(C(OC)=O)(CC(C(OC)=O)(CC(C(OC)=O)(CC(C(OC)=O)(CC(C(OC)=O)(CC(C(OC)=O)(CC(C(OC)=O)(C)C)C)C)C)C)C)C)C)OC.CC(O)C,1.020494658,0.200494658
10.1016/j.memsci.2018.12.077,2019,Journal of Membrane Science,DM300,300,IPA,0.42,CC(O)C,25,CF,CCCCCCCCCC,CCCCCCCCCC.CC(O)C,0.610690244,0.190690244
10.1016/j.memsci.2018.12.077,2019,Journal of Membrane Science,DM300,300,IPA,0.7,CC(O)C,25,CF,CC(=O)OCC1C(C(C(C(O1)OC2(C(C(C(O2)COC(=O)C)OC(=O)C)OC(=O)C)COC(=O)C)OC(=O)C)OC(=O)C)OC(=O)C,CC(=O)OCC1C(C(C(C(O1)OC2(C(C(C(O2)COC(=O)C)OC(=O)C)OC(=O)C)COC(=O)C)OC(=O)C)OC(=O)C)OC(=O)C.CC(O)C,0.89027246,0.19027246
10.1016/j.memsci.2018.12.077,2019,Journal of Membrane Science,DM300,300,IPA,0.7,CC(O)C,25,CF,CC(=O)OCC1C(C(C(C(O1)OC2(C(C(C(O2)COC(=O)C)OC(=O)C)OC(=O)C)COC(=O)C)OC(=O)C)OC(=O)C)OC(=O)C,CC(=O)OCC1C(C(C(C(O1)OC2(C(C(C(O2)COC(=O)C)OC(=O)C)OC(=O)C)COC(=O)C)OC(=O)C)OC(=O)C)OC(=O)C.CC(O)C,0.890272458,0.190272458
10.1016/j.memsci.2018.12.077,2019,Journal of Membrane Science,DM300,300,EtOH,0.84,CCO,25,CF,CC1(C(OC)=O)CCC1(C(OC)=O)C,CC1(C(OC)=O)CCC1(C(OC)=O)C.CCO,1.023372542,0.183372542
10.1016/j.memsci.2018.12.077,2019,Journal of Membrane Science,DM300,300,IPA,0.85,CC(O)C,25,CF,O=C(C(CC(CC(C(OC)=O)C)(C(OC)=O)C)(CC(C(OC)=O)(CC(C(OC)=O)(CC(C(OC)=O)(CC(C(OC)=O)(CC(C(OC)=O)(CC(C(OC)=O)(CC(C(OC)=O)(CC(C(OC)=O)(CC(C(OC)=O)(C)C)C)C)C)C)C)C)C)C)C)OC,O=C(C(CC(CC(C(OC)=O)C)(C(OC)=O)C)(CC(C(OC)=O)(CC(C(OC)=O)(CC(C(OC)=O)(CC(C(OC)=O)(CC(C(OC)=O)(CC(C(OC)=O)(CC(C(OC)=O)(CC(C(OC)=O)(CC(C(OC)=O)(C)C)C)C)C)C)C)C)C)C)C)OC.CC(O)C,1.029134944,0.179134944
10.1016/j.memsci.2018.12.077,2019,Journal of Membrane Science,DM300,300,IPA,0.84,CC(O)C,25,CF,O=C(C(CC(CC(C(OC)=O)C)(C(OC)=O)C)(CC(C(OC)=O)(CC(C(OC)=O)(CC(C(OC)=O)(CC(C(OC)=O)(CC(C(OC)=O)(CC(C(OC)=O)(C)C)C)C)C)C)C)C)OC,O=C(C(CC(CC(C(OC)=O)C)(C(OC)=O)C)(CC(C(OC)=O)(CC(C(OC)=O)(CC(C(OC)=O)(CC(C(OC)=O)(CC(C(OC)=O)(CC(C(OC)=O)(C)C)C)C)C)C)C)C)OC.CC(O)C,1.014772374,0.174772374
10.1016/j.memsci.2018.12.077,2019,Journal of Membrane Science,DM300,300,IPA,0.85,CC(O)C,25,CF,O=C(C(CC(CC(C(OC)=O)C)(C(OC)=O)C)(CC(C(OC)=O)(CC(C(OC)=O)(CC(C(OC)=O)(CC(C(OC)=O)(CC(C(OC)=O)(CC(C(OC)=O)(CC(C(OC)=O)(C)C)C)C)C)C)C)C)C)OC,O=C(C(CC(CC(C(OC)=O)C)(C(OC)=O)C)(CC(C(OC)=O)(CC(C(OC)=O)(CC(C(OC)=O)(CC(C(OC)=O)(CC(C(OC)=O)(CC(C(OC)=O)(CC(C(OC)=O)(C)C)C)C)C)C)C)C)C)OC.CC(O)C,1.020494658,0.170494658
10.1016/j.memsci.2018.12.077,2019,Journal of Membrane Science,DM300,300,IPA,0.85,CC(O)C,25,CF,O=C(C(CC(CC(C(OC)=O)C)(C(OC)=O)C)(CC(C(OC)=O)(CC(C(OC)=O)(CC(C(OC)=O)(CC(C(OC)=O)(CC(C(OC)=O)(CC(C(OC)=O)(CC(C(OC)=O)(C)C)C)C)C)C)C)C)C)OC,O=C(C(CC(CC(C(OC)=O)C)(C(OC)=O)C)(CC(C(OC)=O)(CC(C(OC)=O)(CC(C(OC)=O)(CC(C(OC)=O)(CC(C(OC)=O)(CC(C(OC)=O)(CC(C(OC)=O)(C)C)C)C)C)C)C)C)C)OC.CC(O)C,1.020494654,0.170494654
10.1016/j.memsci.2018.12.077,2019,Journal of Membrane Science,DM300,300,IPA,0.85,CC(O)C,25,CF,O=C(C(CC(CC(C(OC)=O)C)(C(OC)=O)C)(CC(C(OC)=O)(CC(C(OC)=O)(CC(C(OC)=O)(CC(C(OC)=O)(CC(C(OC)=O)(CC(C(OC)=O)(CC(C(OC)=O)(C)C)C)C)C)C)C)C)C)OC,O=C(C(CC(CC(C(OC)=O)C)(C(OC)=O)C)(CC(C(OC)=O)(CC(C(OC)=O)(CC(C(OC)=O)(CC(C(OC)=O)(CC(C(OC)=O)(CC(C(OC)=O)(CC(C(OC)=O)(C)C)C)C)C)C)C)C)C)OC.CC(O)C,1.020494654,0.170494654
10.1016/j.memsci.2018.12.077,2019,Journal of Membrane Science,DM300,300,IPA,0.47,CC(O)C,25,CF,CCCCCCCCCCCC,CCCCCCCCCCCC.CC(O)C,0.639831696,0.169831696
10.1016/j.memsci.2018.12.077,2019,Journal of Membrane Science,DM300,300,IPA,0.86,CC(O)C,25,CF,O=C(C(CC(CC(C(OC)=O)C)(C(OC)=O)C)(CC(C(OC)=O)(CC(C(OC)=O)(CC(C(OC)=O)(CC(C(OC)=O)(CC(C(OC)=O)(CC(C(OC)=O)(CC(C(OC)=O)(CC(C(OC)=O)(CC(C(OC)=O)(C)C)C)C)C)C)C)C)C)C)C)OC,O=C(C(CC(CC(C(OC)=O)C)(C(OC)=O)C)(CC(C(OC)=O)(CC(C(OC)=O)(CC(C(OC)=O)(CC(C(OC)=O)(CC(C(OC)=O)(CC(C(OC)=O)(CC(C(OC)=O)(CC(C(OC)=O)(CC(C(OC)=O)(C)C)C)C)C)C)C)C)C)C)C)OC.CC(O)C,1.02913494,0.16913494
10.1016/j.memsci.2018.12.077,2019,Journal of Membrane Science,DM300,300,IPA,0.48,CC(O)C,25,CF,CCCCCCCCCCCC,CCCCCCCCCCCC.CC(O)C,0.639831696,0.159831696
10.1021/acssuschemeng.5b00734,2015,ASCECG,DM300,300,EtOH,0.99,CCO,23,CF,OCC[P](CCCC)(CCCC)CCCC.[I],OCC[P](CCCC)(CCCC)CCCC.[I].CCO,0.830579238,0.159420762
10.1016/j.memsci.2018.12.077,2019,Journal of Membrane Science,DM300,300,EtOH,0.88,CCO,25,CF,O=C(C(CC(CC(C(OC)=O)C)(C(OC)=O)C)(CC(C(OC)=O)(CC(C(OC)=O)(CC(C(OC)=O)(CC(C(OC)=O)(CC(C(OC)=O)(CC(C(OC)=O)(C)C)C)C)C)C)C)C)OC,O=C(C(CC(CC(C(OC)=O)C)(C(OC)=O)C)(CC(C(OC)=O)(CC(C(OC)=O)(CC(C(OC)=O)(CC(C(OC)=O)(CC(C(OC)=O)(CC(C(OC)=O)(C)C)C)C)C)C)C)C)OC.CCO,1.035964616,0.155964616
10.1016/j.memsci.2018.12.077,2019,Journal of Membrane Science,DM300,300,IPA,0.87,CC(O)C,25,CF,O=C(C(CC(CC(C(OC)=O)C)(C(OC)=O)C)(CC(C(OC)=O)(CC(C(OC)=O)(CC(C(OC)=O)(CC(C(OC)=O)(CC(C(OC)=O)(CC(C(OC)=O)(CC(C(OC)=O)(C)C)C)C)C)C)C)C)C)OC,O=C(C(CC(CC(C(OC)=O)C)(C(OC)=O)C)(CC(C(OC)=O)(CC(C(OC)=O)(CC(C(OC)=O)(CC(C(OC)=O)(CC(C(OC)=O)(CC(C(OC)=O)(CC(C(OC)=O)(C)C)C)C)C)C)C)C)C)OC.CC(O)C,1.020494658,0.150494658
10.1016/j.memsci.2018.12.077,2019,Journal of Membrane Science,DM300,300,IPA,0.51,CC(O)C,25,CF,CCCCCCCCCCCCCC,CCCCCCCCCCCCCC.CC(O)C,0.659739282,0.149739282
10.1002/cssc.201100355,2012,ChemSusChem,DM300,300,AcMe,0.88,CC(C)=O,25,CF,CC(O[Pd]([P](C1=CC=CC=C1)(C2=CC=CC=C2)C3=CC=CC=C3)[P](C4=CC=CC=C4)(C5=CC=CC=C5)C6=CC=CC=C6)=O,CC(O[Pd]([P](C1=CC=CC=C1)(C2=CC=CC=C2)C3=CC=CC=C3)[P](C4=CC=CC=C4)(C5=CC=CC=C5)C6=CC=CC=C6)=O.CC(C)=O,1.025237079,0.145237079
10.1016/j.memsci.2018.12.077,2019,Journal of Membrane Science,DM300,300,IPA,0.87,CC(O)C,25,CF,O=C(C(CC(CC(C(OC)=O)C)(C(OC)=O)C)(CC(C(OC)=O)(CC(C(OC)=O)(CC(C(OC)=O)(CC(C(OC)=O)(CC(C(OC)=O)(C)C)C)C)C)C)C)OC,O=C(C(CC(CC(C(OC)=O)C)(C(OC)=O)C)(CC(C(OC)=O)(CC(C(OC)=O)(CC(C(OC)=O)(CC(C(OC)=O)(CC(C(OC)=O)(C)C)C)C)C)C)C)OC.CC(O)C,1.007568936,0.137568936
10.1016/j.memsci.2018.12.077,2019,Journal of Membrane Science,DM300,300,IPA,0.85,CC(O)C,25,CF,O=C(C(CC(CC(C(OC)=O)C)(C(OC)=O)C)(CC(C(OC)=O)(CC(C(OC)=O)(CC(C(OC)=O)(C)C)C)C)C)OC,O=C(C(CC(CC(C(OC)=O)C)(C(OC)=O)C)(CC(C(OC)=O)(CC(C(OC)=O)(CC(C(OC)=O)(C)C)C)C)C)OC.CC(O)C,0.98527482,0.13527482
10.1016/j.memsci.2018.12.077,2019,Journal of Membrane Science,DM300,300,IPA,0.88,CC(O)C,25,CF,O=C(C(CC(CC(C(OC)=O)C)(C(OC)=O)C)(CC(C(OC)=O)(CC(C(OC)=O)(CC(C(OC)=O)(CC(C(OC)=O)(CC(C(OC)=O)(CC(C(OC)=O)(C)C)C)C)C)C)C)C)OC,O=C(C(CC(CC(C(OC)=O)C)(C(OC)=O)C)(CC(C(OC)=O)(CC(C(OC)=O)(CC(C(OC)=O)(CC(C(OC)=O)(CC(C(OC)=O)(CC(C(OC)=O)(C)C)C)C)C)C)C)C)OC.CC(O)C,1.014772379,0.134772379
10.1016/j.memsci.2018.12.077,2019,Journal of Membrane Science,DM300,300,EtOH,0.89,CCO,25,CF,CC1(C(OC)=O)CCC1(C(OC)=O)C,CC1(C(OC)=O)CCC1(C(OC)=O)C.CCO,1.023372542,0.133372542
10.1016/j.memsci.2018.12.077,2019,Journal of Membrane Science,DM300,300,IPA,0.53,CC(O)C,25,CF,CCCCCCCCCCCCCC,CCCCCCCCCCCCCC.CC(O)C,0.659739282,0.129739282
10.1021/acssuschemeng.5b00734,2015,ASCECG,DM300,300,EtOH,0.96,CCO,23,CF,OCC[P](CCCC)(CCCC)CCCC.[I],OCC[P](CCCC)(CCCC)CCCC.[I].CCO,0.830579238,0.129420762
10.1016/j.memsci.2018.12.077,2019,Journal of Membrane Science,DM300,300,IPA,0.87,CC(O)C,25,CF,O=C(C(CC(CC(C(OC)=O)C)(C(OC)=O)C)(CC(C(OC)=O)(CC(C(OC)=O)(CC(C(OC)=O)(CC(C(OC)=O)(C)C)C)C)C)C)OC,O=C(C(CC(CC(C(OC)=O)C)(C(OC)=O)C)(CC(C(OC)=O)(CC(C(OC)=O)(CC(C(OC)=O)(CC(C(OC)=O)(C)C)C)C)C)C)OC.CC(O)C,0.998223489,0.128223489
10.1016/j.memsci.2018.12.077,2019,Journal of Membrane Science,DM300,300,EtOH,0.87,CCO,25,CF,CCCCCCCCCCCCCCCCCC,CCCCCCCCCCCCCCCCCC.CCO,0.749667577,0.120332423
10.1021/acssuschemeng.5b00734,2015,ASCECG,DM300,300,EtOH,0.95,CCO,23,CF,OCC[P](CCCC)(CCCC)CCCC.[I],OCC[P](CCCC)(CCCC)CCCC.[I].CCO,0.830579235,0.119420765
10.1021/acssuschemeng.5b00734,2015,ASCECG,DM300,300,EtOH,0.95,CCO,23,CF,OCC[P](CCCC)(CCCC)CCCC.[I],OCC[P](CCCC)(CCCC)CCCC.[I].CCO,0.830579242,0.119420758
10.1016/j.memsci.2018.12.077,2019,Journal of Membrane Science,DM300,300,IPA,0.88,CC(O)C,25,CF,O=C(C(CC(CC(C(OC)=O)C)(C(OC)=O)C)(CC(C(OC)=O)(CC(C(OC)=O)(CC(C(OC)=O)(CC(C(OC)=O)(C)C)C)C)C)C)OC,O=C(C(CC(CC(C(OC)=O)C)(C(OC)=O)C)(CC(C(OC)=O)(CC(C(OC)=O)(CC(C(OC)=O)(CC(C(OC)=O)(C)C)C)C)C)C)OC.CC(O)C,0.998223489,0.118223489
10.1016/j.memsci.2018.12.077,2019,Journal of Membrane Science,DM300,300,IPA,0.89,CC(O)C,25,CF,O=C(C(CC(CC(C(OC)=O)C)(C(OC)=O)C)(CC(C(OC)=O)(CC(C(OC)=O)(CC(C(OC)=O)(CC(C(OC)=O)(CC(C(OC)=O)(C)C)C)C)C)C)C)OC,O=C(C(CC(CC(C(OC)=O)C)(C(OC)=O)C)(CC(C(OC)=O)(CC(C(OC)=O)(CC(C(OC)=O)(CC(C(OC)=O)(CC(C(OC)=O)(C)C)C)C)C)C)C)OC.CC(O)C,1.007568936,0.117568936
10.1016/j.memsci.2018.12.077,2019,Journal of Membrane Science,DM300,300,IPA,0.85,CC(O)C,25,CF,O=C(C(CC(CC(C(OC)=O)C)(C(OC)=O)C)(CC(C(OC)=O)(CC(C(OC)=O)(C)C)C)C)OC,O=C(C(CC(CC(C(OC)=O)C)(C(OC)=O)C)(CC(C(OC)=O)(CC(C(OC)=O)(C)C)C)C)OC.CC(O)C,0.966756828,0.116756828
10.1016/j.memsci.2018.12.077,2019,Journal of Membrane Science,DM300,300,IPA,0.57,CC(O)C,25,CF,CCCCCCCCCCCCCCCCCC,CCCCCCCCCCCCCCCCCC.CC(O)C,0.685976706,0.115976706
10.1016/j.memsci.2017.05.003,2017,Journal of Membrane Science,DM300,300,MeCN,0.8,CC#N,25,DE,[Cl-].n1c4c([n+](c2c1cc(c(N)c2)C)c3ccccc3)cc(c(c4)C)N,[Cl-].n1c4c([n+](c2c1cc(c(N)c2)C)c3ccccc3)cc(c(c4)C)N.CC#N,0.915939145,0.115939145
10.1016/j.memsci.2018.12.077,2019,Journal of Membrane Science,DM300,300,EtOH,0.91,CCO,25,CF,O=C(C(CC(CC(C(OC)=O)C)(C(OC)=O)C)(CC(C(OC)=O)(CC(C(OC)=O)(CC(C(OC)=O)(CC(C(OC)=O)(C)C)C)C)C)C)OC,O=C(C(CC(CC(C(OC)=O)C)(C(OC)=O)C)(CC(C(OC)=O)(CC(C(OC)=O)(CC(C(OC)=O)(CC(C(OC)=O)(C)C)C)C)C)C)OC.CCO,1.025666496,0.115666496
10.1016/j.memsci.2018.12.077,2019,Journal of Membrane Science,DM300,300,EtOH,0.91,CCO,25,CF,O=C(C(CC(CC(C(OC)=O)C)(C(OC)=O)C)(CC(C(OC)=O)(CC(C(OC)=O)(CC(C(OC)=O)(CC(C(OC)=O)(C)C)C)C)C)C)OC,O=C(C(CC(CC(C(OC)=O)C)(C(OC)=O)C)(CC(C(OC)=O)(CC(C(OC)=O)(CC(C(OC)=O)(CC(C(OC)=O)(C)C)C)C)C)C)OC.CCO,1.025666487,0.115666487
10.1016/j.memsci.2018.12.077,2019,Journal of Membrane Science,DM300,300,IPA,0.56,CC(O)C,25,CF,CCCCCCCCCCCCCCCC,CCCCCCCCCCCCCCCC.CC(O)C,0.674445836,0.114445836
10.1016/j.memsci.2018.12.077,2019,Journal of Membrane Science,DM300,300,EtOH,0.92,CCO,25,CF,O=C(C(CC(CC(C(OC)=O)C)(C(OC)=O)C)(CC(C(OC)=O)(CC(C(OC)=O)(CC(C(OC)=O)(CC(C(OC)=O)(CC(C(OC)=O)(C)C)C)C)C)C)C)OC,O=C(C(CC(CC(C(OC)=O)C)(C(OC)=O)C)(CC(C(OC)=O)(CC(C(OC)=O)(CC(C(OC)=O)(CC(C(OC)=O)(CC(C(OC)=O)(C)C)C)C)C)C)C)OC.CCO,1.031489384,0.111489384
10.1016/j.memsci.2018.12.077,2019,Journal of Membrane Science,DM300,300,EtOH,0.86,CCO,25,CF,CCCCCCCCCCCCCCCCCC,CCCCCCCCCCCCCCCCCC.CCO,0.74966758,0.11033242
10.1016/j.memsci.2018.12.077,2019,Journal of Membrane Science,DM300,300,EtOH,0.91,CCO,25,CF,O=C(C(CC(CC(C(OC)=O)C)(C(OC)=O)C)(CC(C(OC)=O)(CC(C(OC)=O)(CC(C(OC)=O)(C)C)C)C)C)OC,O=C(C(CC(CC(C(OC)=O)C)(C(OC)=O)C)(CC(C(OC)=O)(CC(C(OC)=O)(CC(C(OC)=O)(C)C)C)C)C)OC.CCO,1.017781995,0.107781995
10.1016/j.memsci.2018.12.077,2019,Journal of Membrane Science,DM300,300,IPA,0.9,CC(O)C,25,CF,O=C(C(CC(CC(C(OC)=O)C)(C(OC)=O)C)(CC(C(OC)=O)(CC(C(OC)=O)(CC(C(OC)=O)(CC(C(OC)=O)(CC(C(OC)=O)(C)C)C)C)C)C)C)OC,O=C(C(CC(CC(C(OC)=O)C)(C(OC)=O)C)(CC(C(OC)=O)(CC(C(OC)=O)(CC(C(OC)=O)(CC(C(OC)=O)(CC(C(OC)=O)(C)C)C)C)C)C)C)OC.CC(O)C,1.007568936,0.107568936
10.1016/j.memsci.2018.12.077,2019,Journal of Membrane Science,DM300,300,IPA,0.58,CC(O)C,25,CF,CCCCCCCCCCCCCCCCCC,CCCCCCCCCCCCCCCCCC.CC(O)C,0.685976711,0.105976711
10.1016/j.memsci.2018.12.077,2019,Journal of Membrane Science,DM300,300,EtOH,0.85,CCO,25,CF,CCCCCCCCCCCCCCCC,CCCCCCCCCCCCCCCC.CCO,0.744788162,0.105211838
10.1016/j.memsci.2018.12.077,2019,Journal of Membrane Science,DM300,300,EtOH,0.93,CCO,25,CF,O=C(C(CC(CC(C(OC)=O)C)(C(OC)=O)C)(CC(C(OC)=O)(CC(C(OC)=O)(CC(C(OC)=O)(CC(C(OC)=O)(CC(C(OC)=O)(C)C)C)C)C)C)C)OC,O=C(C(CC(CC(C(OC)=O)C)(C(OC)=O)C)(CC(C(OC)=O)(CC(C(OC)=O)(CC(C(OC)=O)(CC(C(OC)=O)(CC(C(OC)=O)(C)C)C)C)C)C)C)OC.CCO,1.03148938,0.10148938
10.1016/j.memsci.2018.12.077,2019,Journal of Membrane Science,DM300,300,IPA,0.9,CC(O)C,25,CF,O=C(C(CC(CC(C(OC)=O)C)(C(OC)=O)C)(CC(C(OC)=O)(CC(C(OC)=O)(CC(C(OC)=O)(CC(C(OC)=O)(C)C)C)C)C)C)OC,O=C(C(CC(CC(C(OC)=O)C)(C(OC)=O)C)(CC(C(OC)=O)(CC(C(OC)=O)(CC(C(OC)=O)(CC(C(OC)=O)(C)C)C)C)C)C)OC.CC(O)C,0.998223489,0.098223489
10.1016/j.memsci.2018.12.077,2019,Journal of Membrane Science,DM300,300,IPA,0.84,CC(O)C,25,CF,O=C(OC)C(C)(CC(C)(CC(C)C(OC)=O)C(OC)=O)CC(C)(C(OC)=O)C,O=C(OC)C(C)(CC(C)(CC(C)C(OC)=O)C(OC)=O)CC(C)(C(OC)=O)C.CC(O)C,0.938190739,0.098190739
10.1039/c7ra11827a,2017,RSC Adv,DM300,300,MeTHF,1,CC1CCCO1,25,CF,FC(C(C=C1)=CC=C1C2N=C(C3=CC=C(C(F)(F)F)C=C3)NC2C4=CC=C(C(F)(F)F)C=C4)(F)F,FC(C(C=C1)=CC=C1C2N=C(C3=CC=C(C(F)(F)F)C=C3)NC2C4=CC=C(C(F)(F)F)C=C4)(F)F.CC1CCCO1,0.902698464,0.097301536
10.1039/c7ra11827a,2017,RSC Adv,DM300,300,MeTHF,1,CC1CCCO1,25,CF,FC(C(C=C1)=CC=C1C2N=C(C3=CC=C(C(F)(F)F)C=C3)NC2C4=CC=C(C(F)(F)F)C=C4)(F)F,FC(C(C=C1)=CC=C1C2N=C(C3=CC=C(C(F)(F)F)C=C3)NC2C4=CC=C(C(F)(F)F)C=C4)(F)F.CC1CCCO1,0.902698468,0.097301532
10.1016/j.memsci.2018.12.077,2019,Journal of Membrane Science,DM300,300,IPA,0.87,CC(O)C,25,CF,O=C(C(CC(CC(C(OC)=O)C)(C(OC)=O)C)(CC(C(OC)=O)(CC(C(OC)=O)(C)C)C)C)OC,O=C(C(CC(CC(C(OC)=O)C)(C(OC)=O)C)(CC(C(OC)=O)(CC(C(OC)=O)(C)C)C)C)OC.CC(O)C,0.966756832,0.096756832
10.1016/j.memsci.2018.12.077,2019,Journal of Membrane Science,DM300,300,IPA,0.89,CC(O)C,25,CF,O=C(C(CC(CC(C(OC)=O)C)(C(OC)=O)C)(CC(C(OC)=O)(CC(C(OC)=O)(CC(C(OC)=O)(C)C)C)C)C)OC,O=C(C(CC(CC(C(OC)=O)C)(C(OC)=O)C)(CC(C(OC)=O)(CC(C(OC)=O)(CC(C(OC)=O)(C)C)C)C)C)OC.CC(O)C,0.98527482,0.09527482
10.1016/j.memsci.2018.12.077,2019,Journal of Membrane Science,DM300,300,IPA,0.58,CC(O)C,25,CF,CCCCCCCCCCCCCCCC,CCCCCCCCCCCCCCCC.CC(O)C,0.674445838,0.094445838
10.1021/acssuschemeng.5b00734,2015,ASCECG,DM300,300,EtOH,0.56,CCO,23,CF,CCC(CO1)OC1=O,CCC(CO1)OC1=O.CCO,0.65212902,0.09212902
10.1021/acssuschemeng.5b00734,2015,ASCECG,DM300,300,EtOH,0.56,CCO,23,CF,CCC(CO1)OC1=O,CCC(CO1)OC1=O.CCO,0.65212902,0.09212902
10.1016/j.memsci.2018.12.077,2019,Journal of Membrane Science,DM300,300,EtOH,0.83,CCO,25,CF,CCCCCCCCCCCCCC,CCCCCCCCCCCCCC.CCO,0.738308209,0.091691791
10.1039/c7ra11827a,2017,RSC Adv,DM300,300,MeTHF,0.99,CC1CCCO1,25,CF,FC(C(C=C1)=CC=C1C2N=C(C3=CC=C(C(F)(F)F)C=C3)NC2C4=CC=C(C(F)(F)F)C=C4)(F)F,FC(C(C=C1)=CC=C1C2N=C(C3=CC=C(C(F)(F)F)C=C3)NC2C4=CC=C(C(F)(F)F)C=C4)(F)F.CC1CCCO1,0.902698458,0.087301542
10.1039/c7ra11827a,2017,RSC Adv,DM300,300,MeTHF,0.99,CC1CCCO1,25,CF,FC(C(C=C1)=CC=C1C2N=C(C3=CC=C(C(F)(F)F)C=C3)NC2C4=CC=C(C(F)(F)F)C=C4)(F)F,FC(C(C=C1)=CC=C1C2N=C(C3=CC=C(C(F)(F)F)C=C3)NC2C4=CC=C(C(F)(F)F)C=C4)(F)F.CC1CCCO1,0.902698462,0.087301538
10.1016/j.memsci.2018.12.077,2019,Journal of Membrane Science,DM300,300,EtOH,0.92,CCO,25,CF,O=C(C(CC(CC(C(OC)=O)C)(C(OC)=O)C)(CC(C(OC)=O)(CC(C(OC)=O)(C)C)C)C)OC,O=C(C(CC(CC(C(OC)=O)C)(C(OC)=O)C)(CC(C(OC)=O)(CC(C(OC)=O)(C)C)C)C)OC.CCO,1.006486476,0.086486476
10.1016/j.memsci.2018.12.077,2019,Journal of Membrane Science,DM300,300,EtOH,0.95,CCO,25,CF,O=C(C(CC(CC(C(OC)=O)C)(C(OC)=O)C)(CC(C(OC)=O)(CC(C(OC)=O)(CC(C(OC)=O)(CC(C(OC)=O)(CC(C(OC)=O)(CC(C(OC)=O)(C)C)C)C)C)C)C)C)OC,O=C(C(CC(CC(C(OC)=O)C)(C(OC)=O)C)(CC(C(OC)=O)(CC(C(OC)=O)(CC(C(OC)=O)(CC(C(OC)=O)(CC(C(OC)=O)(CC(C(OC)=O)(C)C)C)C)C)C)C)C)OC.CCO,1.035964624,0.085964624
10.1016/j.memsci.2018.12.077,2019,Journal of Membrane Science,DM300,300,EtOH,0.94,CCO,25,CF,O=C(C(CC(CC(C(OC)=O)C)(C(OC)=O)C)(CC(C(OC)=O)(CC(C(OC)=O)(CC(C(OC)=O)(CC(C(OC)=O)(C)C)C)C)C)C)OC,O=C(C(CC(CC(C(OC)=O)C)(C(OC)=O)C)(CC(C(OC)=O)(CC(C(OC)=O)(CC(C(OC)=O)(CC(C(OC)=O)(C)C)C)C)C)C)OC.CCO,1.025666487,0.085666487
10.1016/j.memsci.2018.12.077,2019,Journal of Membrane Science,DM300,300,IPA,0.9,CC(O)C,25,CF,O=C(C(CC(CC(C(OC)=O)C)(C(OC)=O)C)(CC(C(OC)=O)(CC(C(OC)=O)(CC(C(OC)=O)(C)C)C)C)C)OC,O=C(C(CC(CC(C(OC)=O)C)(C(OC)=O)C)(CC(C(OC)=O)(CC(C(OC)=O)(CC(C(OC)=O)(C)C)C)C)C)OC.CC(O)C,0.98527482,0.08527482
10.1016/j.memsci.2018.12.077,2019,Journal of Membrane Science,DM300,300,EtOH,0.83,CCO,25,CF,CCCCCCCCCCCCCCCC,CCCCCCCCCCCCCCCC.CCO,0.744788162,0.085211838
10.1016/j.memsci.2018.12.077,2019,Journal of Membrane Science,DM300,300,EtOH,0.94,CCO,25,CF,CC1(C(OC)=O)CCC1(C(OC)=O)C,CC1(C(OC)=O)CCC1(C(OC)=O)C.CCO,1.023372546,0.083372546
10.1016/j.memsci.2018.12.077,2019,Journal of Membrane Science,DM300,300,EtOH,0.95,CCO,25,CF,O=C(C(CC(CC(C(OC)=O)C)(C(OC)=O)C)(CC(C(OC)=O)(CC(C(OC)=O)(CC(C(OC)=O)(CC(C(OC)=O)(CC(C(OC)=O)(C)C)C)C)C)C)C)OC,O=C(C(CC(CC(C(OC)=O)C)(C(OC)=O)C)(CC(C(OC)=O)(CC(C(OC)=O)(CC(C(OC)=O)(CC(C(OC)=O)(CC(C(OC)=O)(C)C)C)C)C)C)C)OC.CCO,1.031489376,0.081489376
10.1016/j.memsci.2018.12.077,2019,Journal of Membrane Science,DM300,300,IPA,0.79,CC(O)C,25,CF,CCCCCCCCCCCCCCCCCCCCCCCC,CCCCCCCCCCCCCCCCCCCCCCCC.CC(O)C,0.709117029,0.080882971
10.1016/j.memsci.2018.12.077,2019,Journal of Membrane Science,DM300,300,EtOH,0.81,CCO,25,CF,CCCCCCCCCCCC,CCCCCCCCCCCC.CCO,0.729309483,0.080690517
10.1016/j.memsci.2018.12.077,2019,Journal of Membrane Science,DM300,300,IPA,0.63,CC(O)C,25,CF,CCCCCCCCCCCCCCCCCCCCCCCC,CCCCCCCCCCCCCCCCCCCCCCCC.CC(O)C,0.709117029,0.079117029
10.1016/j.memsci.2018.12.077,2019,Journal of Membrane Science,DM300,300,IPA,0.86,CC(O)C,25,CF,O=C(OC)C(C)(CC(C)(CC(C)C(OC)=O)C(OC)=O)CC(C)(C(OC)=O)C,O=C(OC)C(C)(CC(C)(CC(C)C(OC)=O)C(OC)=O)CC(C)(C(OC)=O)C.CC(O)C,0.938190743,0.078190743
10.1016/j.memsci.2018.12.077,2019,Journal of Membrane Science,DM300,300,EtOH,0.88,CCO,25,CF,O=C(OC)C(C)(CC(C)(CC(C)C(OC)=O)C(OC)=O)C,O=C(OC)C(C)(CC(C)(CC(C)C(OC)=O)C(OC)=O)C.CCO,0.957796723,0.077796723
10.1016/j.memsci.2018.12.077,2019,Journal of Membrane Science,DM300,300,EtOH,0.94,CCO,25,CF,O=C(C(CC(CC(C(OC)=O)C)(C(OC)=O)C)(CC(C(OC)=O)(CC(C(OC)=O)(CC(C(OC)=O)(C)C)C)C)C)OC,O=C(C(CC(CC(C(OC)=O)C)(C(OC)=O)C)(CC(C(OC)=O)(CC(C(OC)=O)(CC(C(OC)=O)(C)C)C)C)C)OC.CCO,1.017781995,0.077781995
10.1016/j.memsci.2018.12.077,2019,Journal of Membrane Science,DM300,300,EtOH,1,CCO,25,CF,CC(C1=CC=CC=C1)CC(C2=CC=CC=C2)CC(C3=CC=CC=C3)CC(C4=CC=CC=C4)CC(C5=CC=CC=C5)CC(C6=CC=CC=C6)CC(C7=CC=CC=C7)CC(C8=CC=CC=C8)CC(C9=CC=CC=C9)CC(C%10=CC=CC=C%10)CC(C%11=CC=CC=C%11)CC(C%12=CC=CC=C%12)CC(C%13=CC=CC=C%13)CC(C%14=CC=CC=C%14)CC(CC(C(C)(C)C(C%15=CC=CC=C%15)(C)C)C%16=CC=CC=C%16)C%17=CC=CC=C%17,CC(C1=CC=CC=C1)CC(C2=CC=CC=C2)CC(C3=CC=CC=C3)CC(C4=CC=CC=C4)CC(C5=CC=CC=C5)CC(C6=CC=CC=C6)CC(C7=CC=CC=C7)CC(C8=CC=CC=C8)CC(C9=CC=CC=C9)CC(C%10=CC=CC=C%10)CC(C%11=CC=CC=C%11)CC(C%12=CC=CC=C%12)CC(C%13=CC=CC=C%13)CC(C%14=CC=CC=C%14)CC(CC(C(C)(C)C(C%15=CC=CC=C%15)(C)C)C%16=CC=CC=C%16)C%17=CC=CC=C%17.CCO,0.92356246,0.07643754
10.1021/acssuschemeng.5b00734,2015,ASCECG,DM300,300,EtOH,0.9,CCO,23,CF,OCC[P](CCCC)(CCCC)CCCC.[I],OCC[P](CCCC)(CCCC)CCCC.[I].CCO,0.830579235,0.069420765
10.1016/j.memsci.2018.12.077,2019,Journal of Membrane Science,DM300,300,IPA,0.9,CC(O)C,25,CF,O=C(C(CC(CC(C(OC)=O)C)(C(OC)=O)C)(CC(C(OC)=O)(CC(C(OC)=O)(C)C)C)C)OC,O=C(C(CC(CC(C(OC)=O)C)(C(OC)=O)C)(CC(C(OC)=O)(CC(C(OC)=O)(C)C)C)C)OC.CC(O)C,0.966756832,0.066756832
10.1016/j.memsci.2018.12.077,2019,Journal of Membrane Science,DM300,300,EtOH,0.78,CCO,25,CF,CCCCCCCCCC,CCCCCCCCCC.CCO,0.714389936,0.065610064
10.1016/j.memsci.2018.12.077,2019,Journal of Membrane Science,DM300,300,IPA,0.74,CC(O)C,25,CF,CCCCCCCCCCCCCCCC,CCCCCCCCCCCCCCCC.CC(O)C,0.674445839,0.065554161
10.1016/j.memsci.2018.12.077,2019,Journal of Membrane Science,DM300,300,EtOH,0.65,CCO,25,CF,CCCCCCCCCC,CCCCCCCCCC.CCO,0.71438994,0.06438994
10.1016/j.memsci.2018.12.077,2019,Journal of Membrane Science,DM300,300,EtOH,0.95,CCO,25,CF,CC(C(C)(C)C(C1=CC=CC=C1)(C)C)C2=CC=CC=C2,CC(C(C)(C)C(C1=CC=CC=C1)(C)C)C2=CC=CC=C2.CCO,1.013505578,0.063505578
10.1016/j.memsci.2018.12.077,2019,Journal of Membrane Science,DM300,300,EtOH,0.8,CCO,25,CF,CCCCCCCCCCCCCC,CCCCCCCCCCCCCC.CCO,0.738308215,0.061691785
10.1016/j.memsci.2018.12.077,2019,Journal of Membrane Science,DM300,300,EtOH,0.79,CCO,25,CF,CCCCCCCCCCCC,CCCCCCCCCCCC.CCO,0.729309483,0.060690517
10.1016/j.memsci.2018.12.077,2019,Journal of Membrane Science,DM300,300,IPA,0.83,CC(O)C,25,CF,CC(=O)OCC1C(C(C(C(O1)OC2(C(C(C(O2)COC(=O)C)OC(=O)C)OC(=O)C)COC(=O)C)OC(=O)C)OC(=O)C)OC(=O)C,CC(=O)OCC1C(C(C(C(O1)OC2(C(C(C(O2)COC(=O)C)OC(=O)C)OC(=O)C)COC(=O)C)OC(=O)C)OC(=O)C)OC(=O)C.CC(O)C,0.890272458,0.060272458
10.1016/j.memsci.2018.12.077,2019,Journal of Membrane Science,DM300,300,IPA,0.65,CC(O)C,25,CF,CCCCCCCCCCCCCCCCCCCCCCCC,CCCCCCCCCCCCCCCCCCCCCCCC.CC(O)C,0.709117024,0.059117024
10.1016/j.memsci.2018.12.077,2019,Journal of Membrane Science,DM300,300,EtOH,0.96,CCO,25,CF,O=C(C(CC(CC(C(OC)=O)C)(C(OC)=O)C)(CC(C(OC)=O)(CC(C(OC)=O)(CC(C(OC)=O)(C)C)C)C)C)OC,O=C(C(CC(CC(C(OC)=O)C)(C(OC)=O)C)(CC(C(OC)=O)(CC(C(OC)=O)(CC(C(OC)=O)(C)C)C)C)C)OC.CCO,1.017781995,0.057781995
10.1016/j.memsci.2018.12.077,2019,Journal of Membrane Science,DM300,300,EtOH,0.99,CCO,25,CF,CC(C1=CC=CC=C1)CC(C2=CC=CC=C2)CC(C3=CC=CC=C3)CC(C4=CC=CC=C4)CC(C5=CC=CC=C5)CC(C6=CC=CC=C6)CC(C7=CC=CC=C7)CC(CC(C(C)(C)C(C8=CC=CC=C8)(C)C)C9=CC=CC=C9)C%10=CC=CC=C%10,CC(C1=CC=CC=C1)CC(C2=CC=CC=C2)CC(C3=CC=CC=C3)CC(C4=CC=CC=C4)CC(C5=CC=CC=C5)CC(C6=CC=CC=C6)CC(C7=CC=CC=C7)CC(CC(C(C)(C)C(C8=CC=CC=C8)(C)C)C9=CC=CC=C9)C%10=CC=CC=C%10.CCO,0.936187517,0.053812483
10.1016/j.memsci.2018.12.077,2019,Journal of Membrane Science,DM300,300,EtOH,0.99,CCO,25,CF,CC(C1=CC=CC=C1)CC(C2=CC=CC=C2)CC(C3=CC=CC=C3)CC(C4=CC=CC=C4)CC(C5=CC=CC=C5)CC(C6=CC=CC=C6)CC(C7=CC=CC=C7)CC(CC(C(C)(C)C(C8=CC=CC=C8)(C)C)C9=CC=CC=C9)C%10=CC=CC=C%10,CC(C1=CC=CC=C1)CC(C2=CC=CC=C2)CC(C3=CC=CC=C3)CC(C4=CC=CC=C4)CC(C5=CC=CC=C5)CC(C6=CC=CC=C6)CC(C7=CC=CC=C7)CC(CC(C(C)(C)C(C8=CC=CC=C8)(C)C)C9=CC=CC=C9)C%10=CC=CC=C%10.CCO,0.936187517,0.053812483
10.1016/j.memsci.2018.12.077,2019,Journal of Membrane Science,DM300,300,EtOH,0.99,CCO,25,CF,CC(C1=CC=CC=C1)CC(C2=CC=CC=C2)CC(C3=CC=CC=C3)CC(C4=CC=CC=C4)CC(C5=CC=CC=C5)CC(C6=CC=CC=C6)CC(C7=CC=CC=C7)CC(CC(C(C)(C)C(C8=CC=CC=C8)(C)C)C9=CC=CC=C9)C%10=CC=CC=C%10,CC(C1=CC=CC=C1)CC(C2=CC=CC=C2)CC(C3=CC=CC=C3)CC(C4=CC=CC=C4)CC(C5=CC=CC=C5)CC(C6=CC=CC=C6)CC(C7=CC=CC=C7)CC(CC(C(C)(C)C(C8=CC=CC=C8)(C)C)C9=CC=CC=C9)C%10=CC=CC=C%10.CCO,0.936187523,0.053812477
10.1016/j.memsci.2018.12.077,2019,Journal of Membrane Science,DM300,300,IPA,0.83,CC(O)C,25,CF,O=C(OC)C(C)(CC(C)(CC(C)C(OC)=O)C(OC)=O)C,O=C(OC)C(C)(CC(C)(CC(C)C(OC)=O)C(OC)=O)C.CC(O)C,0.883620471,0.053620471
10.1016/j.memsci.2018.12.077,2019,Journal of Membrane Science,DM300,300,EtOH,0.99,CCO,25,CF,CC(C1=CC=CC=C1)CC(C2=CC=CC=C2)CC(C3=CC=CC=C3)CC(C4=CC=CC=C4)CC(C5=CC=CC=C5)CC(C6=CC=CC=C6)CC(CC(C(C)(C)C(C7=CC=CC=C7)(C)C)C8=CC=CC=C8)C9=CC=CC=C9,CC(C1=CC=CC=C1)CC(C2=CC=CC=C2)CC(C3=CC=CC=C3)CC(C4=CC=CC=C4)CC(C5=CC=CC=C5)CC(C6=CC=CC=C6)CC(CC(C(C)(C)C(C7=CC=CC=C7)(C)C)C8=CC=CC=C8)C9=CC=CC=C9.CCO,0.939385064,0.050614936
10.1016/j.memsci.2018.12.077,2019,Journal of Membrane Science,DM300,300,EtOH,0.99,CCO,25,CF,CC(C1=CC=CC=C1)CC(C2=CC=CC=C2)CC(C3=CC=CC=C3)CC(C4=CC=CC=C4)CC(C5=CC=CC=C5)CC(C6=CC=CC=C6)CC(CC(C(C)(C)C(C7=CC=CC=C7)(C)C)C8=CC=CC=C8)C9=CC=CC=C9,CC(C1=CC=CC=C1)CC(C2=CC=CC=C2)CC(C3=CC=CC=C3)CC(C4=CC=CC=C4)CC(C5=CC=CC=C5)CC(C6=CC=CC=C6)CC(CC(C(C)(C)C(C7=CC=CC=C7)(C)C)C8=CC=CC=C8)C9=CC=CC=C9.CCO,0.939385068,0.050614932
10.1016/j.memsci.2018.12.077,2019,Journal of Membrane Science,DM300,300,EtOH,0.87,CCO,25,CF,CC(=O)OCC1C(C(C(C(O1)OC2(C(C(C(O2)COC(=O)C)OC(=O)C)OC(=O)C)COC(=O)C)OC(=O)C)OC(=O)C)OC(=O)C,CC(=O)OCC1C(C(C(C(O1)OC2(C(C(C(O2)COC(=O)C)OC(=O)C)OC(=O)C)COC(=O)C)OC(=O)C)OC(=O)C)OC(=O)C.CCO,0.919710739,0.049710739
10.1016/j.memsci.2018.12.077,2019,Journal of Membrane Science,DM300,300,EtOH,0.94,CCO,25,CF,CC(CC(C(C)(C)C(C1=CC=CC=C1)(C)C)C2=CC=CC=C2)C3=CC=CC=C3,CC(CC(C(C)(C)C(C1=CC=CC=C1)(C)C)C2=CC=CC=C2)C3=CC=CC=C3.CCO,0.988211967,0.048211967
10.1016/j.memsci.2018.12.077,2019,Journal of Membrane Science,DM300,300,EtOH,0.96,CCO,25,CF,O=C(C(CC(CC(C(OC)=O)C)(C(OC)=O)C)(CC(C(OC)=O)(CC(C(OC)=O)(C)C)C)C)OC,O=C(C(CC(CC(C(OC)=O)C)(C(OC)=O)C)(CC(C(OC)=O)(CC(C(OC)=O)(C)C)C)C)OC.CCO,1.006486476,0.046486476
10.1016/j.memsci.2018.12.077,2019,Journal of Membrane Science,DM300,300,EtOH,0.96,CCO,25,CF,O=C(C(CC(CC(C(OC)=O)C)(C(OC)=O)C)(CC(C(OC)=O)(CC(C(OC)=O)(C)C)C)C)OC,O=C(C(CC(CC(C(OC)=O)C)(C(OC)=O)C)(CC(C(OC)=O)(CC(C(OC)=O)(C)C)C)C)OC.CCO,1.006486476,0.046486476
10.1016/j.memsci.2019.117202,2019,Journal of Membrane Science,DM300,300,AcMe,0.84,CC(C)=O,25,DE,O=C(O)CCCCCCCCCCCCCCCCC,O=C(O)CCCCCCCCCCCCCCCCC.CC(C)=O,0.795267655,0.044732345
10.1016/j.memsci.2018.12.077,2019,Journal of Membrane Science,DM300,300,IPA,0.73,CC(O)C,25,CF,CCCCCCCCCCCCCCCCCC,CCCCCCCCCCCCCCCCCC.CC(O)C,0.685976706,0.044023294
10.1016/j.memsci.2018.12.077,2019,Journal of Membrane Science,DM300,300,EtOH,0.97,CCO,25,CF,CC(C(C)(C)C(C1=CC=CC=C1)(C)C)C2=CC=CC=C2,CC(C(C)(C)C(C1=CC=CC=C1)(C)C)C2=CC=CC=C2.CCO,1.013505578,0.043505578
10.1016/j.memsci.2018.12.077,2019,Journal of Membrane Science,DM300,300,EtOH,0.97,CCO,25,CF,CC(C(C)(C)C(C1=CC=CC=C1)(C)C)C2=CC=CC=C2,CC(C(C)(C)C(C1=CC=CC=C1)(C)C)C2=CC=CC=C2.CCO,1.013505578,0.043505578
10.1016/j.memsci.2017.05.003,2017,Journal of Membrane Science,DM300,300,MeCN,0.9,CC#N,25,DE,CN(C)C1=CC=C(C=C1)N=NC2=CC=C(C=C2)S(=O)(=O)[O-].[Na+],CN(C)C1=CC=C(C=C1)N=NC2=CC=C(C=C2)S(=O)(=O)[O-].[Na+].CC#N,0.941204855,0.041204855
10.1016/j.memsci.2018.12.077,2019,Journal of Membrane Science,DM300,300,EtOH,0.98,CCO,25,CF,CC(C1=CC=CC=C1)CC(C2=CC=CC=C2)CC(C3=CC=CC=C3)CC(C4=CC=CC=C4)CC(C5=CC=CC=C5)CC(C6=CC=CC=C6)CC(CC(C(C)(C)C(C7=CC=CC=C7)(C)C)C8=CC=CC=C8)C9=CC=CC=C9,CC(C1=CC=CC=C1)CC(C2=CC=CC=C2)CC(C3=CC=CC=C3)CC(C4=CC=CC=C4)CC(C5=CC=CC=C5)CC(C6=CC=CC=C6)CC(CC(C(C)(C)C(C7=CC=CC=C7)(C)C)C8=CC=CC=C8)C9=CC=CC=C9.CCO,0.939385068,0.040614932
10.1016/j.memsci.2018.12.077,2019,Journal of Membrane Science,DM300,300,EtOH,0.79,CCO,25,CF,CCCCCCCCCCCCCCCCCC,CCCCCCCCCCCCCCCCCC.CCO,0.749667573,0.040332427
10.1016/j.memsci.2018.12.077,2019,Journal of Membrane Science,DM300,300,IPA,0.7,CC(O)C,25,CF,CCCCCCCCCCCCCC,CCCCCCCCCCCCCC.CC(O)C,0.659739282,0.040260718
10.1016/j.memsci.2018.12.077,2019,Journal of Membrane Science,DM300,300,EtOH,0.95,CCO,25,CF,CC(CC(C(C)(C)C(C1=CC=CC=C1)(C)C)C2=CC=CC=C2)C3=CC=CC=C3,CC(CC(C(C)(C)C(C1=CC=CC=C1)(C)C)C2=CC=CC=C2)C3=CC=CC=C3.CCO,0.988211967,0.038211967
10.1016/j.memsci.2018.12.077,2019,Journal of Membrane Science,DM300,300,IPA,0.9,CC(O)C,25,CF,O=C(OC)C(C)(CC(C)(CC(C)C(OC)=O)C(OC)=O)CC(C)(C(OC)=O)C,O=C(OC)C(C)(CC(C)(CC(C)C(OC)=O)C(OC)=O)CC(C)(C(OC)=O)C.CC(O)C,0.938190743,0.038190743
10.1016/j.memsci.2018.12.077,2019,Journal of Membrane Science,DM300,300,EtOH,0.98,CCO,25,CF,CC(C1=CC=CC=C1)CC(C2=CC=CC=C2)CC(C3=CC=CC=C3)CC(C4=CC=CC=C4)CC(C5=CC=CC=C5)CC(CC(C(C)(C)C(C6=CC=CC=C6)(C)C)C7=CC=CC=C7)C8=CC=CC=C8,CC(C1=CC=CC=C1)CC(C2=CC=CC=C2)CC(C3=CC=CC=C3)CC(C4=CC=CC=C4)CC(C5=CC=CC=C5)CC(CC(C(C)(C)C(C6=CC=CC=C6)(C)C)C7=CC=CC=C7)C8=CC=CC=C8.CCO,0.943249363,0.036750637
10.1016/j.jfoodeng.2010.07.020,2011,Journal of Food Engineering,DM300,300,EtOAc,0.92,CC(OCC)=O,30,CF,CC(CCC=C(C)C)C1CCC2(C1(CCC34C2CCC5C3(C4)CCC(C5(C)C)OC(=O)C=CC6=CC(=C(C=C6)O)OC)C)C,CC(CCC=C(C)C)C1CCC2(C1(CCC34C2CCC5C3(C4)CCC(C5(C)C)OC(=O)C=CC6=CC(=C(C=C6)O)OC)C)C.CC(OCC)=O,0.954480277,0.034480277
10.1016/j.cherd.2010.07.002,2011,chemical engineering research and design,DM300,300,EtOH,0.91,CCO,25,CF,C1=CC(=C(C=C1/C=C/C(=O)O)O)O,C1=CC(=C(C=C1/C=C/C(=O)O)O)O.CCO,0.876918465,0.033081535
10.1016/j.memsci.2018.12.077,2019,Journal of Membrane Science,DM300,300,EtOH,0.94,CCO,25,CF,CC(C1=CC=CC=C1)CC(CC(C(C)(C)C(C2=CC=CC=C2)(C)C)C3=CC=CC=C3)C4=CC=CC=C4,CC(C1=CC=CC=C1)CC(CC(C(C)(C)C(C2=CC=CC=C2)(C)C)C3=CC=CC=C3)C4=CC=CC=C4.CCO,0.972631194,0.032631194
10.1016/j.memsci.2018.12.077,2019,Journal of Membrane Science,DM300,300,EtOH,0.98,CCO,25,CF,CC(C1=CC=CC=C1)CC(C2=CC=CC=C2)CC(C3=CC=CC=C3)CC(C4=CC=CC=C4)CC(CC(C(C)(C)C(C5=CC=CC=C5)(C)C)C6=CC=CC=C6)C7=CC=CC=C7,CC(C1=CC=CC=C1)CC(C2=CC=CC=C2)CC(C3=CC=CC=C3)CC(C4=CC=CC=C4)CC(CC(C(C)(C)C(C5=CC=CC=C5)(C)C)C6=CC=CC=C6)C7=CC=CC=C7.CCO,0.948072523,0.031927477
10.1016/j.jfoodeng.2010.07.020,2011,Journal of Food Engineering,DM300,300,EtOAc,0.7,CC(OCC)=O,30,CF,OC(CCCCCCC/C=C/CCCCCCCC)=O,OC(CCCCCCC/C=C/CCCCCCCC)=O.CC(OCC)=O,0.668170474,0.031829526
10.1016/j.memsci.2018.12.077,2019,Journal of Membrane Science,DM300,300,IPA,0.58,CC(O)C,25,CF,CCCCCCCCCC,CCCCCCCCCC.CC(O)C,0.610690241,0.030690241
10.1016/j.memsci.2018.12.077,2019,Journal of Membrane Science,DM300,300,EtOH,0.7,CCO,25,CF,CCCCCCCCCCCC,CCCCCCCCCCCC.CCO,0.729309483,0.029309483
10.1016/j.memsci.2018.12.077,2019,Journal of Membrane Science,DM300,300,EtOH,0.96,CCO,25,CF,CC(CC(C(C)(C)C(C1=CC=CC=C1)(C)C)C2=CC=CC=C2)C3=CC=CC=C3,CC(CC(C(C)(C)C(C1=CC=CC=C1)(C)C)C2=CC=CC=C2)C3=CC=CC=C3.CCO,0.988211967,0.028211967
10.1016/j.memsci.2018.12.077,2019,Journal of Membrane Science,DM300,300,EtOH,0.93,CCO,25,CF,O=C(OC)C(C)(CC(C)(CC(C)C(OC)=O)C(OC)=O)C,O=C(OC)C(C)(CC(C)(CC(C)C(OC)=O)C(OC)=O)C.CCO,0.957796719,0.027796719
10.1016/j.memsci.2018.12.077,2019,Journal of Membrane Science,DM300,300,EtOH,0.97,CCO,25,CF,CC(C1=CC=CC=C1)CC(C2=CC=CC=C2)CC(C3=CC=CC=C3)CC(C4=CC=CC=C4)CC(C5=CC=CC=C5)CC(CC(C(C)(C)C(C6=CC=CC=C6)(C)C)C7=CC=CC=C7)C8=CC=CC=C8,CC(C1=CC=CC=C1)CC(C2=CC=CC=C2)CC(C3=CC=CC=C3)CC(C4=CC=CC=C4)CC(C5=CC=CC=C5)CC(CC(C(C)(C)C(C6=CC=CC=C6)(C)C)C7=CC=CC=C7)C8=CC=CC=C8.CCO,0.943249359,0.026750641
10.1016/j.memsci.2018.12.077,2019,Journal of Membrane Science,DM300,300,EtOH,0.77,CCO,25,CF,CCCCCCCCCCCCCCCC,CCCCCCCCCCCCCCCC.CCO,0.744788162,0.025211838
10.1016/j.memsci.2018.12.077,2019,Journal of Membrane Science,DM300,300,IPA,0.86,CC(O)C,25,CF,O=C(OC)C(C)(CC(C)(CC(C)C(OC)=O)C(OC)=O)C,O=C(OC)C(C)(CC(C)(CC(C)C(OC)=O)C(OC)=O)C.CC(O)C,0.883620469,0.023620469
10.1016/j.memsci.2018.12.077,2019,Journal of Membrane Science,DM300,300,EtOH,0.95,CCO,25,CF,CC(C1=CC=CC=C1)CC(CC(C(C)(C)C(C2=CC=CC=C2)(C)C)C3=CC=CC=C3)C4=CC=CC=C4,CC(C1=CC=CC=C1)CC(CC(C(C)(C)C(C2=CC=CC=C2)(C)C)C3=CC=CC=C3)C4=CC=CC=C4.CCO,0.972631194,0.022631194
10.1016/j.memsci.2018.12.077,2019,Journal of Membrane Science,DM300,300,EtOH,0.94,CCO,25,CF,CC(C1=CC=CC=C1)CC(C2=CC=CC=C2)CC(CC(C(C)(C)C(C3=CC=CC=C3)(C)C)C4=CC=CC=C4)C5=CC=CC=C5,CC(C1=CC=CC=C1)CC(C2=CC=CC=C2)CC(CC(C(C)(C)C(C3=CC=CC=C3)(C)C)C4=CC=CC=C4)C5=CC=CC=C5.CCO,0.962035526,0.022035526
10.1016/j.memsci.2018.12.077,2019,Journal of Membrane Science,DM300,300,EtOH,0.97,CCO,25,CF,CC(C1=CC=CC=C1)CC(C2=CC=CC=C2)CC(C3=CC=CC=C3)CC(C4=CC=CC=C4)CC(CC(C(C)(C)C(C5=CC=CC=C5)(C)C)C6=CC=CC=C6)C7=CC=CC=C7,CC(C1=CC=CC=C1)CC(C2=CC=CC=C2)CC(C3=CC=CC=C3)CC(C4=CC=CC=C4)CC(CC(C(C)(C)C(C5=CC=CC=C5)(C)C)C6=CC=CC=C6)C7=CC=CC=C7.CCO,0.948072523,0.021927477
10.1016/j.memsci.2018.12.077,2019,Journal of Membrane Science,DM300,300,EtOH,0.97,CCO,25,CF,CC(C1=CC=CC=C1)CC(C2=CC=CC=C2)CC(C3=CC=CC=C3)CC(C4=CC=CC=C4)CC(CC(C(C)(C)C(C5=CC=CC=C5)(C)C)C6=CC=CC=C6)C7=CC=CC=C7,CC(C1=CC=CC=C1)CC(C2=CC=CC=C2)CC(C3=CC=CC=C3)CC(C4=CC=CC=C4)CC(CC(C(C)(C)C(C5=CC=CC=C5)(C)C)C6=CC=CC=C6)C7=CC=CC=C7.CCO,0.948072528,0.021927472
10.1016/j.memsci.2018.12.077,2019,Journal of Membrane Science,DM300,300,EtOH,0.96,CCO,25,CF,CC(C1=CC=CC=C1)CC(C2=CC=CC=C2)CC(C3=CC=CC=C3)CC(C4=CC=CC=C4)CC(C5=CC=CC=C5)CC(CC(C(C)(C)C(C6=CC=CC=C6)(C)C)C7=CC=CC=C7)C8=CC=CC=C8,CC(C1=CC=CC=C1)CC(C2=CC=CC=C2)CC(C3=CC=CC=C3)CC(C4=CC=CC=C4)CC(C5=CC=CC=C5)CC(CC(C(C)(C)C(C6=CC=CC=C6)(C)C)C7=CC=CC=C7)C8=CC=CC=C8.CCO,0.943249363,0.016750637
10.1016/j.memsci.2018.12.077,2019,Journal of Membrane Science,DM300,300,IPA,0.9,CC(O)C,25,CF,O=C(OC)C(C)(CC(C)(CC(C)C(OC)=O)C(OC)=O)C,O=C(OC)C(C)(CC(C)(CC(C)C(OC)=O)C(OC)=O)C.CC(O)C,0.883620469,0.016379531
10.1016/j.memsci.2017.05.003,2017,Journal of Membrane Science,DM300,300,MeCN,0.99,CC#N,25,DE,CC1=CC(=CC(=C1N)S(=O)(=O)[O-])/C(=C\2/C=CC(=[NH2+])C(=C2)S(=O)(=O)[O-])/C3=CC(=C(C=C3)N)S(=O)(=O)[O-].[Na+].[Na+],CC1=CC(=CC(=C1N)S(=O)(=O)[O-])/C(=C\2/C=CC(=[NH2+])C(=C2)S(=O)(=O)[O-])/C3=CC(=C(C=C3)N)S(=O)(=O)[O-].[Na+].[Na+].CC#N,1.005957612,0.015957612
10.1016/j.memsci.2018.12.077,2019,Journal of Membrane Science,DM300,300,EtOH,0.73,CCO,25,CF,CCCCCCCCCC,CCCCCCCCCC.CCO,0.714389936,0.015610064
10.1016/j.jfoodeng.2010.07.020,2011,Journal of Food Engineering,DM300,300,EtOAc,0.97,CC(OCC)=O,30,CF,CC(CCC=C(C)C)C1CCC2(C1(CCC34C2CCC5C3(C4)CCC(C5(C)C)OC(=O)C=CC6=CC(=C(C=C6)O)OC)C)C,CC(CCC=C(C)C)C1CCC2(C1(CCC34C2CCC5C3(C4)CCC(C5(C)C)OC(=O)C=CC6=CC(=C(C=C6)O)OC)C)C.CC(OCC)=O,0.954480269,0.015519731
10.1016/j.cherd.2010.07.002,2011,chemical engineering research and design,DM300,300,EtOH,0.94,CCO,25,CF,C1=CC(=C(C=C1CC(C(=O)O)OC(=O)C=CC2=CC(=C(C=C2)O)O)O)O,C1=CC(=C(C=C1CC(C(=O)O)OC(=O)C=CC2=CC(=C(C=C2)O)O)O)O.CCO,0.953197806,0.013197806
10.1016/j.memsci.2018.12.077,2019,Journal of Membrane Science,DM300,300,EtOH,0.96,CCO,25,CF,CC(C1=CC=CC=C1)CC(CC(C(C)(C)C(C2=CC=CC=C2)(C)C)C3=CC=CC=C3)C4=CC=CC=C4,CC(C1=CC=CC=C1)CC(CC(C(C)(C)C(C2=CC=CC=C2)(C)C)C3=CC=CC=C3)C4=CC=CC=C4.CCO,0.972631194,0.012631194
10.1016/j.memsci.2018.12.077,2019,Journal of Membrane Science,DM300,300,EtOH,0.95,CCO,25,CF,CC(C1=CC=CC=C1)CC(C2=CC=CC=C2)CC(CC(C(C)(C)C(C3=CC=CC=C3)(C)C)C4=CC=CC=C4)C5=CC=CC=C5,CC(C1=CC=CC=C1)CC(C2=CC=CC=C2)CC(CC(C(C)(C)C(C3=CC=CC=C3)(C)C)C4=CC=CC=C4)C5=CC=CC=C5.CCO,0.962035526,0.012035526
10.1016/j.memsci.2018.12.077,2019,Journal of Membrane Science,DM300,300,EtOH,0.91,CCO,25,CF,CC(=O)OCC1C(C(C(C(O1)OC2(C(C(C(O2)COC(=O)C)OC(=O)C)OC(=O)C)COC(=O)C)OC(=O)C)OC(=O)C)OC(=O)C,CC(=O)OCC1C(C(C(C(O1)OC2(C(C(C(O2)COC(=O)C)OC(=O)C)OC(=O)C)COC(=O)C)OC(=O)C)OC(=O)C)OC(=O)C.CCO,0.919710739,0.009710739
10.1016/j.memsci.2017.05.003,2017,Journal of Membrane Science,DM300,300,MeCN,1,CC#N,25,DE,CC1=CC(=CC(=C1N)S(=O)(=O)[O-])/C(=C\2/C=CC(=[NH2+])C(=C2)S(=O)(=O)[O-])/C3=CC(=C(C=C3)N)S(=O)(=O)[O-].[Na+].[Na+],CC1=CC(=CC(=C1N)S(=O)(=O)[O-])/C(=C\2/C=CC(=[NH2+])C(=C2)S(=O)(=O)[O-])/C3=CC(=C(C=C3)N)S(=O)(=O)[O-].[Na+].[Na+].CC#N,1.005957628,0.005957628
10.1016/j.memsci.2018.12.077,2019,Journal of Membrane Science,DM300,300,EtOH,0.96,CCO,25,CF,CC(C1=CC=CC=C1)CC(C2=CC=CC=C2)CC(C3=CC=CC=C3)CC(CC(C(C)(C)C(C4=CC=CC=C4)(C)C)C5=CC=CC=C5)C6=CC=CC=C6,CC(C1=CC=CC=C1)CC(C2=CC=CC=C2)CC(C3=CC=CC=C3)CC(CC(C(C)(C)C(C4=CC=CC=C4)(C)C)C5=CC=CC=C5)C6=CC=CC=C6.CCO,0.954179053,0.005820947
10.1016/j.memsci.2018.12.077,2019,Journal of Membrane Science,DM300,300,EtOH,0.96,CCO,25,CF,CC(C1=CC=CC=C1)CC(C2=CC=CC=C2)CC(C3=CC=CC=C3)CC(CC(C(C)(C)C(C4=CC=CC=C4)(C)C)C5=CC=CC=C5)C6=CC=CC=C6,CC(C1=CC=CC=C1)CC(C2=CC=CC=C2)CC(C3=CC=CC=C3)CC(CC(C(C)(C)C(C4=CC=CC=C4)(C)C)C5=CC=CC=C5)C6=CC=CC=C6.CCO,0.954179055,0.005820945
10.1016/j.memsci.2018.12.077,2019,Journal of Membrane Science,DM300,300,EtOH,0.95,CCO,25,CF,CC(C1=CC=CC=C1)CC(C2=CC=CC=C2)CC(C3=CC=CC=C3)CC(CC(C(C)(C)C(C4=CC=CC=C4)(C)C)C5=CC=CC=C5)C6=CC=CC=C6,CC(C1=CC=CC=C1)CC(C2=CC=CC=C2)CC(C3=CC=CC=C3)CC(CC(C(C)(C)C(C4=CC=CC=C4)(C)C)C5=CC=CC=C5)C6=CC=CC=C6.CCO,0.954179051,0.004179051
10.1016/j.cherd.2010.07.002,2011,chemical engineering research and design,DM300,300,EtOH,0.95,CCO,25,CF,C1=CC(=C(C=C1CC(C(=O)O)OC(=O)C=CC2=CC(=C(C=C2)O)O)O)O,C1=CC(=C(C=C1CC(C(=O)O)OC(=O)C=CC2=CC(=C(C=C2)O)O)O)O.CCO,0.953197808,0.003197808
10.1016/j.cherd.2010.07.002,2011,chemical engineering research and design,DM300,300,EtOH,0.88,CCO,25,CF,C1=CC(=C(C=C1/C=C/C(=O)O)O)O,C1=CC(=C(C=C1/C=C/C(=O)O)O)O.CCO,0.876918465,0.003081535
10.1016/j.memsci.2018.12.077,2019,Journal of Membrane Science,DM300,300,EtOH,0.96,CCO,25,CF,O=C(OC)C(C)(CC(C)(CC(C)C(OC)=O)C(OC)=O)C,O=C(OC)C(C)(CC(C)(CC(C)C(OC)=O)C(OC)=O)C.CCO,0.957796723,0.002203277
10.1016/j.memsci.2018.12.077,2019,Journal of Membrane Science,DM300,300,EtOH,0.96,CCO,25,CF,CC(C1=CC=CC=C1)CC(C2=CC=CC=C2)CC(CC(C(C)(C)C(C3=CC=CC=C3)(C)C)C4=CC=CC=C4)C5=CC=CC=C5,CC(C1=CC=CC=C1)CC(C2=CC=CC=C2)CC(CC(C(C)(C)C(C3=CC=CC=C3)(C)C)C4=CC=CC=C4)C5=CC=CC=C5.CCO,0.962035526,0.002035526
10.1002/cctc.201500902,2016,ChemCatChem,DM300,300,EtOH,0.99,CCO,23,CF,[H][C@@]1([C@@H](C2=CC=NC3=CC=C(C=C23)O)OC(C45CC6CC(C5)CC(C6)C4)=O)C[C@@H]7CC[N@]1C[C@@H]7C=C,[H][C@@]1([C@@H](C2=CC=NC3=CC=C(C=C23)O)OC(C45CC6CC(C5)CC(C6)C4)=O)C[C@@H]7CC[N@]1C[C@@H]7C=C.CCO,0.991740819,0.001740819
10.1016/j.memsci.2018.12.077,2019,Journal of Membrane Science,DM300,300,EtOH,0.74,CCO,25,CF,CCCCCCCCCCCCCC,CCCCCCCCCCCCCC.CCO,0.738308219,0.001691781
10.1016/j.memsci.2018.12.077,2019,Journal of Membrane Science,DM300,300,EtOH,0.92,CCO,25,CF,CC(=O)OCC1C(C(C(C(O1)OC2(C(C(C(O2)COC(=O)C)OC(=O)C)OC(=O)C)COC(=O)C)OC(=O)C)OC(=O)C)OC(=O)C,CC(=O)OCC1C(C(C(C(O1)OC2(C(C(C(O2)COC(=O)C)OC(=O)C)OC(=O)C)COC(=O)C)OC(=O)C)OC(=O)C)OC(=O)C.CCO,0.919710737,0.000289263
10.1016/j.memsci.2018.12.077,2019,Journal of Membrane Science,DM300,300,IPA,0.64,CC(O)C,25,CF,CCCCCCCCCCCC,CCCCCCCCCCCC.CC(O)C,0.639831695,0.000168305