Column1,rank,name,container,cas,mw,solute_smiles,solvent_smiles,solvent_name,dm300,dm300_error,full_smiles,dm300_err,dm300_measured,error
158,819,(R)-(_)-1-Indanol,CA170,697-64-3,134.0,C1CC2=CC=CC=C2C1O,CCOC(C)=O,Etyl acetate,0.28004190109151217,0.119920691,C1CC2=CC=CC=C2C1O.CCOC(C)=O,0.02170967071430341,0.2764805657143034,0.003561335
153,207,(R)-(_)-1-Indanol,CA170,697-64-3,134.0,C1CC2=CC=CC=C2C1O,CC1CCCO1,2-Methly tetrahydrofurane,0.2559920704989039,0.016476608,C1CC2=CC=CC=C2C1O.CC1CCCO1,0.11902161444747708,0.2606045334474771,0.004612463
152,188,(R)-(_)-1-Indanol,CA170,697-64-3,134.0,C1CC2=CC=CC=C2C1O,CC#N,Acetonitrile,0.7065228174528344,0.005369834,C1CC2=CC=CC=C2C1O.CC#N,0.12559791695238698,0.694690616952387,0.011832201
155,890,(R)-(_)-1-Indanol,CA170,697-64-3,134.0,C1CC2=CC=CC=C2C1O,CC(O)C,2-Propanol,0.27705756257251407,0.020933874,C1CC2=CC=CC=C2C1O.CC(O)C,0.013077678420452626,0.2398702935795474,0.037187269
154,940,(R)-(_)-1-Indanol,CA170,697-64-3,134.0,C1CC2=CC=CC=C2C1O,CCO,Ethanol,0.5389574662975525,0.019958963,C1CC2=CC=CC=C2C1O.CCO,0.009205368084431065,0.5010829739155689,0.037874492
159,143,(R)-(_)-1-Indanol,CA170,697-64-3,134.0,C1CC2=CC=CC=C2C1O,CC(C)(C)OC,Methyl tert butyl ether,0.002009207729883289,0.400969587,C1CC2=CC=CC=C2C1O.CC(C)(C)OC,0.1537629671868939,-0.0374466121868939,0.03945582
156,546,(R)-(_)-1-Indanol,CA170,697-64-3,134.0,C1CC2=CC=CC=C2C1O,CC1=CC=CC=C1,Toluene,0.028573279722819145,0.027360338,C1CC2=CC=CC=C2C1O.CC1=CC=CC=C1,0.054771458891209705,0.0690657358912097,0.040492456
157,977,(R)-(_)-1-Indanol,CA170,697-64-3,134.0,C1CC2=CC=CC=C2C1O,CCCCCCC,Heptane,-0.09667453929587848,0.07426343,C1CC2=CC=CC=C2C1O.CCCCCCC,0.004545447528773505,-0.1374561614712265,0.040781622
132,390,"1,3,5-Tris(4-aminophenyl)benzene",CA144,118727-34-7,351.44,Nc1ccc(-c2cc(-c3ccc(N)cc3)cc(-c3ccc(N)cc3)c2)cc1,CC(C)(C)OC,Methyl tert butyl ether,0.20355177242343575,0.040420296,Nc1ccc(-c2cc(-c3ccc(N)cc3)cc(-c3ccc(N)cc3)c2)cc1.CC(C)(C)OC,0.0766946756339465,0.2159024733660535,0.012350701
129,874,"1,3,5-Tris(4-aminophenyl)benzene",CA144,118727-34-7,351.44,Nc1ccc(-c2cc(-c3ccc(N)cc3)cc(-c3ccc(N)cc3)c2)cc1,CC(C)=O,Acetone,0.9904579252500412,0.004610909,Nc1ccc(-c2cc(-c3ccc(N)cc3)cc(-c3ccc(N)cc3)c2)cc1.CC(C)=O,0.01553728749657246,0.9716488215034276,0.018809104
133,47,"1,3,5-Tris(4-aminophenyl)benzene",CA144,118727-34-7,351.44,Nc1ccc(-c2cc(-c3ccc(N)cc3)cc(-c3ccc(N)cc3)c2)cc1,CCOC(C)=O,Etyl acetate,0.8040494967211875,0.097907901,Nc1ccc(-c2cc(-c3ccc(N)cc3)cc(-c3ccc(N)cc3)c2)cc1.CCOC(C)=O,0.22578830872247524,0.7801236357224752,0.023925861
126,766,"1,3,5-Tris(4-aminophenyl)benzene",CA144,118727-34-7,351.44,Nc1ccc(-c2cc(-c3ccc(N)cc3)cc(-c3ccc(N)cc3)c2)cc1,CO,Methanol,0.9948017468698689,0.0001,Nc1ccc(-c2cc(-c3ccc(N)cc3)cc(-c3ccc(N)cc3)c2)cc1.CO,0.029214299396470023,0.97058570060353,0.024216046
127,758,"1,3,5-Tris(4-aminophenyl)benzene",CA144,118727-34-7,351.44,Nc1ccc(-c2cc(-c3ccc(N)cc3)cc(-c3ccc(N)cc3)c2)cc1,O=CN(C)C,Dimethyl formamide,0.980287047748285,0.001287357,Nc1ccc(-c2cc(-c3ccc(N)cc3)cc(-c3ccc(N)cc3)c2)cc1.O=CN(C)C,0.03039128011012615,0.9425044018898738,0.037782646
128,560,"1,3,5-Tris(4-aminophenyl)benzene",CA144,118727-34-7,351.44,Nc1ccc(-c2cc(-c3ccc(N)cc3)cc(-c3ccc(N)cc3)c2)cc1,CCO,Ethanol,0.9697529734894973,0.003817057,Nc1ccc(-c2cc(-c3ccc(N)cc3)cc(-c3ccc(N)cc3)c2)cc1.CCO,0.05230326670578567,0.9271487312942144,0.042604242
130,153,"1,3,5-Tris(4-aminophenyl)benzene",CA144,118727-34-7,351.44,Nc1ccc(-c2cc(-c3ccc(N)cc3)cc(-c3ccc(N)cc3)c2)cc1,CC1CCCO1,2-Methly tetrahydrofurane,0.7911416607293194,0.01047851,Nc1ccc(-c2cc(-c3ccc(N)cc3)cc(-c3ccc(N)cc3)c2)cc1.CC1CCCO1,0.14696820138265354,0.7337010266173465,0.057440634
131,393,"1,3,5-Tris(4-aminophenyl)benzene",CA144,118727-34-7,351.44,Nc1ccc(-c2cc(-c3ccc(N)cc3)cc(-c3ccc(N)cc3)c2)cc1,CC(O)C,2-Propanol,0.8812807277331658,0.012114465,Nc1ccc(-c2cc(-c3ccc(N)cc3)cc(-c3ccc(N)cc3)c2)cc1.CC(O)C,0.07626126113654197,0.821107886863458,0.060172841
450,217,"1-Phenyl-1,2-ethanediol",CC79,93-56-1,138.0,C1=CC=C(C=C1)C(CO)O,CC1CCCO1,2-Methly tetrahydrofurane,0.1279555965015946,0.15773036,C1=CC=C(C=C1)C(CO)O.CC1CCCO1,0.1179603718553712,0.1567878118553712,0.028832215
446,616,"1-Phenyl-1,2-ethanediol",CC79,93-56-1,138.0,C1=CC=C(C=C1)C(CO)O,CCO,Ethanol,0.3908273055070669,0.007007975,C1=CC=C(C=C1)C(CO)O.CCO,0.04605622287165129,0.3577563111283487,0.033070994
448,971,"1-Phenyl-1,2-ethanediol",CC79,93-56-1,138.0,C1=CC=C(C=C1)C(CO)O,CC(O)C,2-Propanol,0.14600932409234973,0.028253093,C1=CC=C(C=C1)C(CO)O.CC(O)C,0.005689006407469999,0.11118287859253,0.034826445
449,815,"1-Phenyl-1,2-ethanediol",CC79,93-56-1,138.0,C1=CC=C(C=C1)C(CO)O,CC1=CC=CC=C1,Toluene,-0.07351970984253119,0.123399954,C1=CC=C(C=C1)C(CO)O.CC1=CC=CC=C1,0.022493546954962397,-0.0337413219549624,0.039778388
447,236,"1-Phenyl-1,2-ethanediol",CC79,93-56-1,138.0,C1=CC=C(C=C1)C(CO)O,CC#N,Acetonitrile,0.6024869624969299,0.015081174,C1=CC=C(C=C1)C(CO)O.CC#N,0.11170896058744412,0.5613867425874441,0.04110022
506,802,"2,4-Diphenyl-4-methyl-1-pentene",CJ63,6362-80-7,236.35,CC(C)(CC(=C)C1=CC=CC=C1)C2=CC=CC=C2,CC1=CC=CC=C1,Toluene,0.5396319588520124,0.048096791,CC(C)(CC(=C)C1=CC=CC=C1)C2=CC=CC=C2.CC1=CC=CC=C1,0.024882947453294335,0.5297422265467057,0.009889732
503,981,"2,4-Diphenyl-4-methyl-1-pentene",CJ63,6362-80-7,236.35,CC(C)(CC(=C)C1=CC=CC=C1)C2=CC=CC=C2,CC(C)=O,Acetone,0.972404451272365,0.014261758,CC(C)(CC(=C)C1=CC=CC=C1)C2=CC=CC=C2.CC(C)=O,0.004223252189760274,0.9595114901897602,0.012892961
500,915,"2,4-Diphenyl-4-methyl-1-pentene",CJ63,6362-80-7,236.35,CC(C)(CC(=C)C1=CC=CC=C1)C2=CC=CC=C2,CC#N,Acetonitrile,0.9890909264098326,0.004108124,CC(C)(CC(=C)C1=CC=CC=C1)C2=CC=CC=C2.CC#N,0.011104528439582873,0.9678019275604172,0.021288999
499,702,"2,4-Diphenyl-4-methyl-1-pentene",CJ63,6362-80-7,236.35,CC(C)(CC(=C)C1=CC=CC=C1)C2=CC=CC=C2,CO,Methanol,0.9913147989446411,0.0005,CC(C)(CC(=C)C1=CC=CC=C1)C2=CC=CC=C2.CO,0.0360332871971657,0.9574667128028344,0.033848086
509,887,"2,4-Diphenyl-4-methyl-1-pentene",CJ63,6362-80-7,236.35,CC(C)(CC(=C)C1=CC=CC=C1)C2=CC=CC=C2,CC(C)(C)OC,Methyl tert butyl ether,0.002180943266688684,0.092883062,CC(C)(CC(=C)C1=CC=CC=C1)C2=CC=CC=C2.CC(C)(C)OC,0.013727137939386902,-0.0388740749393869,0.041055018
502,594,"2,4-Diphenyl-4-methyl-1-pentene",CJ63,6362-80-7,236.35,CC(C)(CC(=C)C1=CC=CC=C1)C2=CC=CC=C2,O=CN(C)C,Dimethyl formamide,0.9651371570769977,0.006560105,CC(C)(CC(=C)C1=CC=CC=C1)C2=CC=CC=C2.O=CN(C)C,0.04829876767151298,0.924030706671513,0.04110645
508,458,"2,4-Diphenyl-4-methyl-1-pentene",CJ63,6362-80-7,236.35,CC(C)(CC(=C)C1=CC=CC=C1)C2=CC=CC=C2,CCOC(C)=O,Etyl acetate,0.7116289431494817,0.049904083,CC(C)(CC(=C)C1=CC=CC=C1)C2=CC=CC=C2.CCOC(C)=O,0.0661543014146706,0.6570178684146706,0.054611075
505,84,"2,4-Diphenyl-4-methyl-1-pentene",CJ63,6362-80-7,236.35,CC(C)(CC(=C)C1=CC=CC=C1)C2=CC=CC=C2,CCCCCCC,Heptane,-0.05418917817058423,0.04763693,CC(C)(CC(=C)C1=CC=CC=C1)C2=CC=CC=C2.CCCCCCC,0.19295118468301858,-0.1088080766830186,0.054618899
501,366,"2,4-Diphenyl-4-methyl-1-pentene",CJ63,6362-80-7,236.35,CC(C)(CC(=C)C1=CC=CC=C1)C2=CC=CC=C2,CCO,Ethanol,0.9754803648704484,0.004610519,CC(C)(CC(=C)C1=CC=CC=C1)C2=CC=CC=C2.CCO,0.08032081026272408,0.8945800427372759,0.080900322
504,44,"2,4-Diphenyl-4-methyl-1-pentene",CJ63,6362-80-7,236.35,CC(C)(CC(=C)C1=CC=CC=C1)C2=CC=CC=C2,CC1CCCO1,2-Methly tetrahydrofurane,0.6788249294933735,0.037423667,CC(C)(CC(=C)C1=CC=CC=C1)C2=CC=CC=C2.CC1CCCO1,0.22847463618229458,0.5811590308177054,0.097665899
507,250,"2,4-Diphenyl-4-methyl-1-pentene",CJ63,6362-80-7,236.35,CC(C)(CC(=C)C1=CC=CC=C1)C2=CC=CC=C2,CC(O)C,2-Propanol,0.8577173310069668,0.048234306,CC(C)(CC(=C)C1=CC=CC=C1)C2=CC=CC=C2.CC(O)C,0.10951212391342868,0.7157779070865713,0.141939424
200,68,"2,5-dibromo-3,4-dinitrothiophene",CA29,52431-30-8,329.79,O=[N+](C1=C(Br)SC(Br)=C1[N+]([O-])=O)[O-],CC(O)C,2-Propanol,0.3652840508718144,0.434027132,O=[N+](C1=C(Br)SC(Br)=C1[N+]([O-])=O)[O-].CC(O)C,0.2048342424393568,0.3804427064393568,0.015158656
194,490,"2,5-dibromo-3,4-dinitrothiophene",CA29,52431-30-8,329.79,O=[N+](C1=C(Br)SC(Br)=C1[N+]([O-])=O)[O-],CCO,Ethanol,0.6317648388081195,0.021091827,O=[N+](C1=C(Br)SC(Br)=C1[N+]([O-])=O)[O-].CCO,0.0608641789387796,0.6106867469387796,0.021078092
195,776,"2,5-dibromo-3,4-dinitrothiophene",CA29,52431-30-8,329.7945517,O=[N+](C1=C(Br)SC(Br)=C1[N+]([O-])=O)[O-],CO,Methanol,0.7758340242946548,0.0318,O=[N+](C1=C(Br)SC(Br)=C1[N+]([O-])=O)[O-].CO,0.02819185833753657,0.7300081416624634,0.045825883
199,1020,"2,5-dibromo-3,4-dinitrothiophene",CA29,52431-30-8,329.7945517,O=[N+](C1=C(Br)SC(Br)=C1[N+]([O-])=O)[O-],CC(C)=O,Acetone,0.7981702653217451,0.118216958,O=[N+](C1=C(Br)SC(Br)=C1[N+]([O-])=O)[O-].CC(C)=O,0.0007239038087005767,0.7480545611912994,0.050115704
198,540,"2,5-dibromo-3,4-dinitrothiophene",CA29,52431-30-8,329.79,O=[N+](C1=C(Br)SC(Br)=C1[N+]([O-])=O)[O-],CCOC(C)=O,Etyl acetate,0.456204892725956,0.092665146,O=[N+](C1=C(Br)SC(Br)=C1[N+]([O-])=O)[O-].CCOC(C)=O,0.055232192338640684,0.4008650716613593,0.055339821
193,176,"2,5-dibromo-3,4-dinitrothiophene",CA29,52431-30-8,329.79,O=[N+](C1=C(Br)SC(Br)=C1[N+]([O-])=O)[O-],O=CN(C)C,Dimethyl formamide,0.740266952398113,0.02108404,O=[N+](C1=C(Br)SC(Br)=C1[N+]([O-])=O)[O-].O=CN(C)C,0.13243831155431873,0.6819053754456813,0.058361577
188,64,"2,5-dibromo-3,4-dinitrothiophene",CA29,52431-30-8,329.79,O=[N+](C1=C(Br)SC(Br)=C1[N+]([O-])=O)[O-],CC#N,Acetonitrile,0.8246488608725396,0.002321164,O=[N+](C1=C(Br)SC(Br)=C1[N+]([O-])=O)[O-].CC#N,0.20966581017459973,0.7554091168254002,0.069239744
196,928,"2,5-dibromo-3,4-dinitrothiophene",CA29,52431-30-8,329.79,O=[N+](C1=C(Br)SC(Br)=C1[N+]([O-])=O)[O-],CC1CCCO1,2-Methly tetrahydrofurane,0.4209470460342339,0.039558724,O=[N+](C1=C(Br)SC(Br)=C1[N+]([O-])=O)[O-].CC1CCCO1,0.009864108734779997,0.34822662473478,0.072720421
191,134,"2,5-dibromo-3,4-dinitrothiophene",CA29,52431-30-8,329.79,O=[N+](C1=C(Br)SC(Br)=C1[N+]([O-])=O)[O-],CC(C)(C)OC,Methyl tert butyl ether,3.400805474912394e-05,0.009388757,O=[N+](C1=C(Br)SC(Br)=C1[N+]([O-])=O)[O-].CC(C)(C)OC,0.1601721219232607,-0.1035724929232607,0.103606501
654,112,"2,5-Dimethylphenol",CQ25,95-87-4,122.0731649,OC1=CC(C)=CC=C1C,CC1CCCO1,2-Methly tetrahydrofurane,0.34208367859634037,0.034166669,OC1=CC(C)=CC=C1C.CC1CCCO1,0.17054376900093549,0.3441105269990645,0.002026848
673,514,"2,5-Dimethylphenol",CQ44,95-87-4,122.0,OC1=CC(C)=CC=C1C,CCOC(C)=O,Etyl acetate,0.3462094537615747,0.073203714,OC1=CC(C)=CC=C1C.CCOC(C)=O,0.058448633065826816,0.3483471920658268,0.002137738
666,355,"2,5-Dimethylphenol",CQ44,95-87-4,122.0,OC1=CC(C)=CC=C1C,CCCCCCC,Heptane,-0.05329019982497215,0.02531405,OC1=CC(C)=CC=C1C.CCCCCCC,0.08199872925427079,-0.0502461357457292,0.003044064
672,731,"2,5-Dimethylphenol",CQ44,95-87-4,122.0,OC1=CC(C)=CC=C1C,CC(C)=O,Acetone,0.7140181529052823,0.059554401,OC1=CC(C)=CC=C1C.CC(C)=O,0.0328257256800949,0.7180923316800949,0.004074179
669,813,"2,5-Dimethylphenol",CQ44,95-87-4,122.0,OC1=CC(C)=CC=C1C,CC(C)=O,Acetone,0.7140181529052823,0.03878442,OC1=CC(C)=CC=C1C.CC(C)=O,0.023162356319905153,0.7180923316800949,0.004074179
667,29,"2,5-Dimethylphenol",CQ44,95-87-4,122.0,OC1=CC(C)=CC=C1C,CC1=CC=CC=C1,Toluene,0.08072456449555504,0.036360271,OC1=CC(C)=CC=C1C.CC1=CC=CC=C1,0.2639929557080408,0.0908527847080408,0.01012822
671,191,"2,5-Dimethylphenol",CQ44,95-87-4,122.0,OC1=CC(C)=CC=C1C,CC(C)(C)OC,Methyl tert butyl ether,0.03092118699741766,0.056363804,OC1=CC(C)=CC=C1C.CC(C)(C)OC,0.1248835338116452,0.0551231531883548,0.024201966
653,644,"2,5-Dimethylphenol",CQ25,95-87-4,122.0731649,OC1=CC(C)=CC=C1C,CC(O)C,2-Propanol,0.32158377136852334,0.019949428,OC1=CC(C)=CC=C1C.CC(O)C,0.0428349362347048,0.2915788087652952,0.030004963
651,508,"2,5-Dimethylphenol",CQ25,95-87-4,122.0731649,OC1=CC(C)=CC=C1C,CO,Methanol,0.7032542898801021,0.0087,OC1=CC(C)=CC=C1C.CO,0.059035856536378106,0.6678641434636219,0.035390146
652,987,"2,5-Dimethylphenol",CQ25,95-87-4,122.0731649,OC1=CC(C)=CC=C1C,CCO,Ethanol,0.5701863752875032,0.01120703,OC1=CC(C)=CC=C1C.CCO,0.003363331428043903,0.5329851134280439,0.037201262
663,148,2-Pheylphenol,CQ4,90-43-7,170.0731649,OC1=CC=CC=C1C2=CC=CC=C2,CC(C)(C)OC,Methyl tert butyl ether,-0.00988619883195796,0.394086631,OC1=CC=CC=C1C2=CC=CC=C2.CC(C)(C)OC,0.1506773267219264,-0.0180618767219264,0.008175678
661,900,2-Pheylphenol,CQ4,90-43-7,170.0731649,OC1=CC=CC=C1C2=CC=CC=C2,CCCCCCC,Heptane,-0.09065998387502905,0.065461574,OC1=CC=CC=C1C2=CC=CC=C2.CCCCCCC,0.012438687568099113,-0.0995480684319009,0.008888085
657,476,2-Pheylphenol,CQ4,90-43-7,170.0731649,OC1=CC=CC=C1C2=CC=CC=C2,CC(C)=O,Acetone,0.8136466723823176,0.015603381,OC1=CC=CC=C1C2=CC=CC=C2.CC(C)=O,0.062148707270609505,0.7933608397293905,0.020285833
662,620,2-Pheylphenol,CQ4,90-43-7,170.0731649,OC1=CC=CC=C1C2=CC=CC=C2,CO,Methanol,0.7924105583492691,0.07,OC1=CC=CC=C1C2=CC=CC=C2.CO,0.045652347767725865,0.7694476522322742,0.022962906
658,583,2-Pheylphenol,CQ4,90-43-7,170.0731649,OC1=CC=CC=C1C2=CC=CC=C2,CCO,Ethanol,0.6806829585113525,0.021300403,OC1=CC=CC=C1C2=CC=CC=C2.CCO,0.04984616729844549,0.6451421977015546,0.035540761
656,220,2-Pheylphenol,CQ4,90-43-7,170.0731649,OC1=CC=CC=C1C2=CC=CC=C2,O=CN(C)C,Dimethyl formamide,0.7656827345270026,0.013341688,OC1=CC=CC=C1C2=CC=CC=C2.O=CN(C)C,0.11750653964909619,0.7241126033509038,0.041570131
659,946,2-Pheylphenol,CQ4,90-43-7,170.0731649,OC1=CC=CC=C1C2=CC=CC=C2,CC1CCCO1,2-Methly tetrahydrofurane,0.3812351262582979,0.033662309,OC1=CC=CC=C1C2=CC=CC=C2.CC1CCCO1,0.009073192428879273,0.3382394795711207,0.042995647
660,1024,2-Pheylphenol,CQ4,90-43-7,170.0731649,OC1=CC=CC=C1C2=CC=CC=C2,CC(O)C,2-Propanol,0.465301332296606,0.041054589,OC1=CC=CC=C1C2=CC=CC=C2.CC(O)C,0.00012958206844293496,0.4086899450684429,0.056611387
240,392,"3,5-Difluorobenzonitrile",CA78,64248-63-1,139.0233555,N#CC1=CC(F)=CC(F)=C1,CC1CCCO1,2-Methly tetrahydrofurane,0.26811281154805827,0.044968975,N#CC1=CC(F)=CC(F)=C1.CC1CCCO1,0.07662169028438709,0.2711284362843871,0.003015625
232,523,"3,5-Difluorobenzonitrile",CA78,64248-63-1,139.0233555,N#CC1=CC(F)=CC(F)=C1,CCO,Ethanol,0.370918131195214,0.011332017,N#CC1=CC(F)=CC(F)=C1.CCO,0.056922845370866504,0.3756778013708665,0.00475967
239,884,"3,5-Difluorobenzonitrile",CA78,64248-63-1,139.0233555,N#CC1=CC(F)=CC(F)=C1,CC(C)(C)OC,Methyl tert butyl ether,-0.011288353455835754,0.037336916,N#CC1=CC(F)=CC(F)=C1.CC(C)(C)OC,0.0140394450829492,-0.0004068679170508,0.010881486
238,261,"3,5-Difluorobenzonitrile",CA78,64248-63-1,139.0233555,N#CC1=CC(F)=CC(F)=C1,CC1=CC=CC=C1,Toluene,0.05797160864532227,0.019703045,N#CC1=CC(F)=CC(F)=C1.CC1=CC=CC=C1,0.10519261061909202,0.045108186380908,0.012863422
243,958,"3,5-Difluorobenzonitrile",CA78,64248-63-1,139.0233555,N#CC1=CC(F)=CC(F)=C1,CCCCCCC,Heptane,-0.06486710829784921,0.083371207,N#CC1=CC(F)=CC(F)=C1.CCCCCCC,0.007150126503779691,-0.0798246884962203,0.01495758
244,102,"3,5-Difluorobenzonitrile",CA78,64248-63-1,139.0233555,N#CC1=CC(F)=CC(F)=C1,CC(O)C,2-Propanol,0.17285881371852724,0.084687574,N#CC1=CC(F)=CC(F)=C1.CC(O)C,0.1794006889094462,0.1922585309094462,0.019399717
242,135,"3,5-Difluorobenzonitrile",CA78,64248-63-1,139.0233555,N#CC1=CC(F)=CC(F)=C1,CCOC(C)=O,Etyl acetate,0.3016541107462635,0.075705811,N#CC1=CC(F)=CC(F)=C1.CCOC(C)=O,0.1599410851484251,0.2785206408515749,0.02313347
235,110,"3,5-Difluorobenzonitrile",CA78,64248-63-1,139.0233555,N#CC1=CC(F)=CC(F)=C1,CO,Methanol,0.5176465077614922,0.0185,N#CC1=CC(F)=CC(F)=C1.CO,0.17241904195013696,0.4904809580498631,0.02716555
234,267,"3,5-Difluorobenzonitrile",CA78,64248-63-1,139.0233555,N#CC1=CC(F)=CC(F)=C1,O=CN(C)C,Dimethyl formamide,0.5041444612838347,0.013678118,N#CC1=CC(F)=CC(F)=C1.O=CN(C)C,0.10341737506478349,0.4760893620647835,0.028055099
241,9,"3,5-Difluorobenzonitrile",CA78,64248-63-1,139.0233555,N#CC1=CC(F)=CC(F)=C1,CC(C)=O,Acetone,0.6316108718314726,0.054601941,N#CC1=CC(F)=CC(F)=C1.CC(C)=O,0.33294001380386407,0.575427210196136,0.056183662
236,244,"3,5-Difluorobenzonitrile",CA78,64248-63-1,139.0233555,N#CC1=CC(F)=CC(F)=C1,CC#N,Acetonitrile,0.6186736110142286,0.018796994,N#CC1=CC(F)=CC(F)=C1.CC#N,0.11005055466785063,0.5587149573321494,0.059958654
202,832,"4,4-(Hexafluoroisopropylidene)bis(benzoic acid)",CA36,1171-47-7,392.0483281,FC(F)(F)C(C1=CC=C(C=C1)C(O)=O)(C2=CC=C(C=C2)C(O)=O)C(F)(F)F,CO,Methanol,1.0111724767400114,0.0,FC(F)(F)C(C1=CC=C(C=C1)C(O)=O)(C2=CC=C(C=C2)C(O)=O)C(F)(F)F.CO,0.01988469549850924,0.9801153045014908,0.031057172
206,956,"4,4-(Hexafluoroisopropylidene)bis(benzoic acid)",CA36,1171-47-7,392.0483281,FC(F)(F)C(C1=CC=C(C=C1)C(O)=O)(C2=CC=C(C=C2)C(O)=O)C(F)(F)F,CC(C)=O,Acetone,1.0137436931098303,0.014212167,FC(F)(F)C(C1=CC=C(C=C1)C(O)=O)(C2=CC=C(C=C2)C(O)=O)C(F)(F)F.CC(C)=O,0.007890404406011964,0.978052130593988,0.035691563
209,997,"4,4-(Hexafluoroisopropylidene)bis(benzoic acid)",CA36,1171-47-7,392.0483281,FC(F)(F)C(C1=CC=C(C=C1)C(O)=O)(C2=CC=C(C=C2)C(O)=O)C(F)(F)F,CCOC(C)=O,Etyl acetate,0.8363557908037761,0.071999242,FC(F)(F)C(C1=CC=C(C=C1)C(O)=O)(C2=CC=C(C=C2)C(O)=O)C(F)(F)F.CCOC(C)=O,0.0028727398604970755,0.800211831860497,0.036143959
204,873,"4,4-(Hexafluoroisopropylidene)bis(benzoic acid)",CA36,1171-47-7,392.0483281,FC(F)(F)C(C1=CC=C(C=C1)C(O)=O)(C2=CC=C(C=C2)C(O)=O)C(F)(F)F,CC#N,Acetonitrile,1.025676107082003,0.001554974,FC(F)(F)C(C1=CC=C(C=C1)C(O)=O)(C2=CC=C(C=C2)C(O)=O)C(F)(F)F.CC#N,0.015567420967133816,0.9831481730328662,0.042527934
203,623,"4,4-(Hexafluoroisopropylidene)bis(benzoic acid)",CA36,1171-47-7,392.0483281,FC(F)(F)C(C1=CC=C(C=C1)C(O)=O)(C2=CC=C(C=C2)C(O)=O)C(F)(F)F,CCO,Ethanol,0.9927577863704193,0.000483149,FC(F)(F)C(C1=CC=C(C=C1)C(O)=O)(C2=CC=C(C=C2)C(O)=O)C(F)(F)F.CCO,0.045538160024086394,0.9471797579759136,0.045578028
205,239,"4,4-(Hexafluoroisopropylidene)bis(benzoic acid)",CA36,1171-47-7,392.0483281,FC(F)(F)C(C1=CC=C(C=C1)C(O)=O)(C2=CC=C(C=C2)C(O)=O)C(F)(F)F,CC(O)C,2-Propanol,0.9085013176995353,0.001574506,FC(F)(F)C(C1=CC=C(C=C1)C(O)=O)(C2=CC=C(C=C2)C(O)=O)C(F)(F)F.CC(O)C,0.11073838060874319,0.8558324743912568,0.052668843
207,107,"4,4-(Hexafluoroisopropylidene)bis(benzoic acid)",CA36,1171-47-7,392.0483281,FC(F)(F)C(C1=CC=C(C=C1)C(O)=O)(C2=CC=C(C=C2)C(O)=O)C(F)(F)F,CC1CCCO1,2-Methly tetrahydrofurane,0.8022243534901327,0.022083055,FC(F)(F)C(C1=CC=C(C=C1)C(O)=O)(C2=CC=C(C=C2)C(O)=O)C(F)(F)F.CC1CCCO1,0.1757886349067308,0.7474119100932692,0.054812443
208,19,"4,4-(Hexafluoroisopropylidene)bis(benzoic acid)",CA36,1171-47-7,392.0483281,FC(F)(F)C(C1=CC=C(C=C1)C(O)=O)(C2=CC=C(C=C2)C(O)=O)C(F)(F)F,CC(C)(C)OC,Methyl tert butyl ether,0.09770148610713288,0.067504743,FC(F)(F)C(C1=CC=C(C=C1)C(O)=O)(C2=CC=C(C=C2)C(O)=O)C(F)(F)F.CC(C)(C)OC,0.29049959135359216,0.2593313993535922,0.161629913
595,933,"4,4'-Difluorobenzophenone",CO28,345-92-6,218.0,O=C(C1=CC=C(F)C=C1)C2=CC=C(F)C=C2,CC(C)(C)OC,Methyl tert butyl ether,-0.028003491026997063,0.057386694,O=C(C1=CC=C(F)C=C1)C2=CC=C(F)C=C2.CC(C)(C)OC,0.009765120486932496,-0.0608065635130675,0.032803072
596,780,"4,4'-Difluorobenzophenone",CO28,345-92-6,218.0,O=C(C1=CC=C(F)C=C1)C2=CC=C(F)C=C2,CCCCCCC,Heptane,-0.08341003440237586,0.083466262,O=C(C1=CC=C(F)C=C1)C2=CC=C(F)C=C2.CCCCCCC,0.027265612037001785,-0.1325056000370018,0.049095566
490,319,"4,4'-Difluorobenzophenone",CJ19,345-92-6,218.0543213,O=C(C1=CC=C(F)C=C1)C2=CC=C(F)C=C2,CCCCCCC,Heptane,-0.08341002617652402,0.033126789,O=C(C1=CC=C(F)C=C1)C2=CC=C(F)C=C2.CCCCCCC,0.09037198703700179,-0.1325056000370018,0.049095574
598,881,"4,4'-Difluorobenzophenone",CO28,345-92-6,218.0,O=C(C1=CC=C(F)C=C1)C2=CC=C(F)C=C2,CCOC(C)=O,Etyl acetate,0.47772296731344194,0.161368976,O=C(C1=CC=C(F)C=C1)C2=CC=C(F)C=C2.CCOC(C)=O,0.014420157091936114,0.4216122220919361,0.056110745
593,451,"4,4'-Difluorobenzophenone",CO28,345-92-6,218.0,O=C(C1=CC=C(F)C=C1)C2=CC=C(F)C=C2,CC(C)=O,Acetone,0.8286777544164157,0.020503573,O=C(C1=CC=C(F)C=C1)C2=CC=C(F)C=C2.CC(C)=O,0.0666745109088045,0.7702180580911955,0.058459696
594,456,"4,4'-Difluorobenzophenone",CO28,345-92-6,218.0,O=C(C1=CC=C(F)C=C1)C2=CC=C(F)C=C2,CC(O)C,2-Propanol,0.5014300113761034,0.041559094,O=C(C1=CC=C(F)C=C1)C2=CC=C(F)C=C2.CC(O)C,0.066208640308275,0.435923168308275,0.065506843
489,402,"4,4'-Difluorobenzophenone",CJ19,345-92-6,218.0543213,O=C(C1=CC=C(F)C=C1)C2=CC=C(F)C=C2,CC#N,Acetonitrile,0.8401318306933849,0.007950986,O=C(C1=CC=C(F)C=C1)C2=CC=C(F)C=C2.CC#N,0.07505405117971198,0.7725005878202881,0.067631243
591,985,"4,4'-Difluorobenzophenone",CO28,345-92-6,218.0,O=C(C1=CC=C(F)C=C1)C2=CC=C(F)C=C2,CCO,Ethanol,0.7128469966031965,0.007994973,O=C(C1=CC=C(F)C=C1)C2=CC=C(F)C=C2.CCO,0.0034474957738769296,0.637680181226123,0.075166815
592,957,"4,4'-Difluorobenzophenone",CO28,345-92-6,218.0,O=C(C1=CC=C(F)C=C1)C2=CC=C(F)C=C2,CO,Methanol,0.8186671287124977,0.018,O=C(C1=CC=C(F)C=C1)C2=CC=C(F)C=C2.CO,0.007382869121633329,0.7420828691216333,0.07658426
597,30,"4,4'-Difluorobenzophenone",CO28,345-92-6,218.0,O=C(C1=CC=C(F)C=C1)C2=CC=C(F)C=C2,CC1CCCO1,2-Methly tetrahydrofurane,0.4546110994747746,0.087973727,O=C(C1=CC=C(F)C=C1)C2=CC=C(F)C=C2.CC1CCCO1,0.26309891808840313,0.3647899279115968,0.089821172
211,140,5-Aminoindole,CA38,5192-03-0,132.16,Nc1ccc2[nH]ccc2c1,CC1=CC=CC=C1,Toluene,0.04343032154486044,0.036976048,Nc1ccc2[nH]ccc2c1.CC1=CC=CC=C1,0.1563888538478092,0.0449021948478092,0.001471873
213,10,5-Aminoindole,CA38,5192-03-0,132.16,Nc1ccc2[nH]ccc2c1,CC(C)(C)OC,Methyl tert butyl ether,-0.09599655398222748,0.065177558,Nc1ccc2[nH]ccc2c1.CC(C)(C)OC,0.3195163303003632,-0.0931333336996368,0.00286322
210,708,5-Aminoindole,CA38,5192-03-0,132.16,Nc1ccc2[nH]ccc2c1,CC#N,Acetonitrile,0.6597410230621237,0.004257136,Nc1ccc2[nH]ccc2c1.CC#N,0.035069314209259295,0.6368871457907407,0.022853877
214,262,5-Aminoindole,CA38,5192-03-0,132.16,Nc1ccc2[nH]ccc2c1,CC1CCCO1,2-Methly tetrahydrofurane,0.25348130184484746,0.075550631,Nc1ccc2[nH]ccc2c1.CC1CCCO1,0.1046656542953169,0.2270045672953169,0.026476735
217,998,5-Aminoindole,CA38,5192-03-0,132.16,Nc1ccc2[nH]ccc2c1,CCOC(C)=O,Etyl acetate,0.2902300615084208,0.162706861,Nc1ccc2[nH]ccc2c1.CCOC(C)=O,0.0026216313901052946,0.2503946913901053,0.03983537
212,40,5-Aminoindole,CA38,5192-03-0,132.16,Nc1ccc2[nH]ccc2c1,CCO,Ethanol,0.4884055034748508,0.039953831,Nc1ccc2[nH]ccc2c1.CCO,0.2392986450715648,0.4481342300715648,0.040271273
216,229,5-Aminoindole,CA38,5192-03-0,132.16,Nc1ccc2[nH]ccc2c1,CC(C)=O,Acetone,0.6944179222085426,0.098915633,Nc1ccc2[nH]ccc2c1.CC(C)=O,0.11413637304588009,0.65330513295412,0.041112789
215,20,5-Aminoindole,CA38,5192-03-0,132.16,Nc1ccc2[nH]ccc2c1,CC(O)C,2-Propanol,0.2881814409212814,0.086324401,Nc1ccc2[nH]ccc2c1.CC(O)C,0.29018462207576406,0.2144550879242359,0.073726353
117,137,6-BROMOOXINDOLE,CA121,99365-40-9,210.9632759,O=C1NC2=C(C=CC(Br)=C2)C1,CC1=CC=CC=C1,Toluene,0.22963671294449547,0.041411104,O=C1NC2=C(C=CC(Br)=C2)C1.CC1=CC=CC=C1,0.1590712343547315,0.2335485726452685,0.00391186
113,899,6-BROMOOXINDOLE,CA121,99365-40-9,210.9632759,O=C1NC2=C(C=CC(Br)=C2)C1,CCO,Ethanol,0.6613243296975087,0.017449254,O=C1NC2=C(C=CC(Br)=C2)C1.CCO,0.012568420467609753,0.6659111785323902,0.004586849
112,656,6-BROMOOXINDOLE,CA121,99365-40-9,210.9632759,O=C1NC2=C(C=CC(Br)=C2)C1,O=CN(C)C,Dimethyl formamide,0.7226681204946027,0.015671904,O=C1NC2=C(C=CC(Br)=C2)C1.O=CN(C)C,0.04168601435906749,0.7333513483590675,0.010683228
116,252,6-BROMOOXINDOLE,CA121,99365-40-9,210.9632759,O=C1NC2=C(C=CC(Br)=C2)C1,CC(O)C,2-Propanol,0.42231534409922966,0.037152422,O=C1NC2=C(C=CC(Br)=C2)C1.CC(O)C,0.10886675585436156,0.4097426921456384,0.012572652
114,539,6-BROMOOXINDOLE,CA121,99365-40-9,210.9632759,O=C1NC2=C(C=CC(Br)=C2)C1,CO,Methanol,0.7778371418024674,0.0181,O=C1NC2=C(C=CC(Br)=C2)C1.CO,0.05527105426633039,0.7939289457336696,0.016091804
118,79,6-BROMOOXINDOLE,CA121,99365-40-9,210.9632759,O=C1NC2=C(C=CC(Br)=C2)C1,CC(C)(C)OC,Methyl tert butyl ether,0.003690608746763946,0.386169374,O=C1NC2=C(C=CC(Br)=C2)C1.CC(C)(C)OC,0.1954734017482569,-0.0468416657482569,0.050532274
115,674,6-BROMOOXINDOLE,CA121,99365-40-9,210.9632759,O=C1NC2=C(C=CC(Br)=C2)C1,CC1CCCO1,2-Methly tetrahydrofurane,0.421353366419318,0.026419269,O=C1NC2=C(C=CC(Br)=C2)C1.CC1CCCO1,0.04010652061392106,0.3639620226139211,0.057391344
16,913,Avobenzone Pharmaceutical Secondary Stan (Avobenzone),AP12,70356-09-1,310.1568946,CC(C)(C)C1=CC=C(C=C1)C(=O)CC(=O)C2=CC=C(C=C2)OC,CCCCCCC,Heptane,-0.010893500431751423,0.048466387,CC(C)(C)C1=CC=C(C=C1)C(=O)CC(=O)C2=CC=C(C=C2)OC.CCCCCCC,0.0111672788024124,-0.0115990058024124,0.000705505
12,602,Avobenzone Pharmaceutical Secondary Stan (Avobenzone),AP12,70356-09-1,310.1568946,CC(C)(C)C1=CC=C(C=C1)C(=O)CC(=O)C2=CC=C(C=C2)OC,CC(C)=O,Acetone,0.9292688412549535,0.003911064,CC(C)(C)C1=CC=C(C=C1)C(=O)CC(=O)C2=CC=C(C=C2)OC.CC(C)=O,0.0473020120692752,0.9321964519307248,0.002927611
11,371,Avobenzone Pharmaceutical Secondary Stan (Avobenzone),AP12,70356-09-1,310.1568946,CC(C)(C)C1=CC=C(C=C1)C(=O)CC(=O)C2=CC=C(C=C2)OC,O=CN(C)C,Dimethyl formamide,0.907914924524912,0.002416636,CC(C)(C)C1=CC=C(C=C1)C(=O)CC(=O)C2=CC=C(C=C2)OC.O=CN(C)C,0.07928861665201992,0.90336372134798,0.004551203
9,439,Avobenzone Pharmaceutical Secondary Stan (Avobenzone),AP12,70356-09-1,310.1568946,CC(C)(C)C1=CC=C(C=C1)C(=O)CC(=O)C2=CC=C(C=C2)OC,CO,Methanol,0.9365719612452212,0.0,CC(C)(C)C1=CC=C(C=C1)C(=O)CC(=O)C2=CC=C(C=C2)OC.CO,0.06835560867780444,0.9316443913221956,0.00492757
10,611,Avobenzone Pharmaceutical Secondary Stan (Avobenzone),AP12,70356-09-1,310.1568946,CC(C)(C)C1=CC=C(C=C1)C(=O)CC(=O)C2=CC=C(C=C2)OC,CC#N,Acetonitrile,0.946835261253395,0.000837986,CC(C)(C)C1=CC=C(C=C1)C(=O)CC(=O)C2=CC=C(C=C2)OC.CC#N,0.046471373741508226,0.9387737442584918,0.008061517
18,790,Avobenzone Pharmaceutical Secondary Stan (Avobenzone),AP12,70356-09-1,310.1568946,CC(C)(C)C1=CC=C(C=C1)C(=O)CC(=O)C2=CC=C(C=C2)OC,CC(O)C,2-Propanol,0.7366978519362039,0.09954109,CC(C)(C)C1=CC=C(C=C1)C(=O)CC(=O)C2=CC=C(C=C2)OC.CC(O)C,0.02617033419907233,0.7277821008009276,0.008915751
17,86,Avobenzone Pharmaceutical Secondary Stan (Avobenzone),AP12,70356-09-1,310.1568946,CC(C)(C)C1=CC=C(C=C1)C(=O)CC(=O)C2=CC=C(C=C2)OC,CC1CCCO1,2-Methly tetrahydrofurane,0.6005448211897575,0.06623393,CC(C)(C)C1=CC=C(C=C1)C(=O)CC(=O)C2=CC=C(C=C2)OC.CC1CCCO1,0.19027050758493214,0.6151373385849321,0.014592517
13,417,Avobenzone Pharmaceutical Secondary Stan (Avobenzone),AP12,70356-09-1,310.1568946,CC(C)(C)C1=CC=C(C=C1)C(=O)CC(=O)C2=CC=C(C=C2)OC,CCO,Ethanol,0.8940033481181973,0.015875305,CC(C)(C)C1=CC=C(C=C1)C(=O)CC(=O)C2=CC=C(C=C2)OC.CCO,0.0719392863632985,0.8789333276367015,0.01507002
15,16,Avobenzone Pharmaceutical Secondary Stan (Avobenzone),AP12,70356-09-1,310.1568946,CC(C)(C)C1=CC=C(C=C1)C(=O)CC(=O)C2=CC=C(C=C2)OC,CC(C)(C)OC,Methyl tert butyl ether,0.04194198998331479,0.028753825,CC(C)(C)C1=CC=C(C=C1)C(=O)CC(=O)C2=CC=C(C=C2)OC.CC(C)(C)OC,0.2981785377927652,0.0658713822072348,0.023929392
14,13,Avobenzone Pharmaceutical Secondary Stan (Avobenzone),AP12,70356-09-1,310.1568946,CC(C)(C)C1=CC=C(C=C1)C(=O)CC(=O)C2=CC=C(C=C2)OC,CC1=CC=CC=C1,Toluene,0.4845073451014226,0.024749453,CC(C)(C)C1=CC=C(C=C1)C(=O)CC(=O)C2=CC=C(C=C2)OC.CC1=CC=CC=C1,0.31517950206338646,0.5806772100633865,0.096169865
137,265,Diphenylacetylene,CA150,501-65-5,178.23,C(#Cc1ccccc1)c1ccccc1,CC1=CC=CC=C1,Toluene,0.18052963432851102,0.024204109,C(#Cc1ccccc1)c1ccccc1.CC1=CC=CC=C1,0.10382355396283058,0.1795165480371694,0.001013086
134,924,Diphenylacetylene,CA150,501-65-5,178.23,C(#Cc1ccccc1)c1ccccc1,CC#N,Acetonitrile,0.7337005373337245,0.002840706,C(#Cc1ccccc1)c1ccccc1.CC#N,0.010277452938207587,0.7070888509382076,0.026611686
136,485,Diphenylacetylene,CA150,501-65-5,178.23,C(#Cc1ccccc1)c1ccccc1,CC(C)=O,Acetone,0.7467500351317391,0.019664618,C(#Cc1ccccc1)c1ccccc1.CC(C)=O,0.0613169961866884,0.7128658018133116,0.033884233
138,511,Diphenylacetylene,CA150,501-65-5,178.23,C(#Cc1ccccc1)c1ccccc1,O=CN(C)C,Dimethyl formamide,0.67472770726799,0.025765312,C(#Cc1ccccc1)c1ccccc1.O=CN(C)C,0.05878809583297018,0.6365365188329701,0.038191188
139,538,Diphenylacetylene,CA150,501-65-5,178.23,C(#Cc1ccccc1)c1ccccc1,CCO,Ethanol,0.5933393171875818,0.027683486,C(#Cc1ccccc1)c1ccccc1.CCO,0.05528224565259643,0.5512043973474036,0.04213492
142,15,Diphenylacetylene,CA150,501-65-5,178.23,C(#Cc1ccccc1)c1ccccc1,CCOC(C)=O,Etyl acetate,0.38694402789464183,0.104816459,C(#Cc1ccccc1)c1ccccc1.CCOC(C)=O,0.2997734443298814,0.3385334526701186,0.048410575
141,461,Diphenylacetylene,CA150,501-65-5,178.23,C(#Cc1ccccc1)c1ccccc1,CCCCCCC,Heptane,-0.01439087273144678,0.065846285,C(#Cc1ccccc1)c1ccccc1.CCCCCCC,0.06481246490801,-0.06360720690801,0.049216334
135,870,Diphenylacetylene,CA150,501-65-5,178.23,C(#Cc1ccccc1)c1ccccc1,CC1CCCO1,2-Methly tetrahydrofurane,0.34646485669793464,0.018352061,C(#Cc1ccccc1)c1ccccc1.CC1CCCO1,0.015819630177042188,0.2942989158229578,0.052165941
143,240,Diphenylacetylene,CA150,501-65-5,178.23,C(#Cc1ccccc1)c1ccccc1,CC(C)(C)OC,Methyl tert butyl ether,0.06505016860456256,0.397460443,C(#Cc1ccccc1)c1ccccc1.CC(C)(C)OC,0.1106538109185793,0.0100224330814207,0.055027736
140,482,Diphenylacetylene,CA150,501-65-5,178.23,C(#Cc1ccccc1)c1ccccc1,CC(O)C,2-Propanol,0.39709278629372113,0.056840159,C(#Cc1ccccc1)c1ccccc1.CC(O)C,0.06169344390072107,0.3369630869007211,0.060129699
88,696,Rifaximin,AP63,80621-81-4,785.9,C[C@H]1/C=C/C=C(\C(=O)NC2=C(C3=C(C4=C(C(=C3O)C)O[C@@](C4=O)(O/C=C/[C@@H]([C@H]([C@H]([C@@H]([C@@H]([C@@H]([C@H]1O)C)O)C)OC(=O)C)C)OC)C)C5=C2N6C=CC(=CC6=N5)C)O)/C,CC(C)=O,Acetone,0.9578625012846225,0.001099484,C[C@H]1/C=C/C=C(\C(=O)NC2=C(C3=C(C4=C(C(=C3O)C)O[C@@](C4=O)(O/C=C/[C@@H]([C@H]([C@H]([C@@H]([C@@H]([C@@H]([C@H]1O)C)O)C)OC(=O)C)C)OC)C)C5=C2N6C=CC(=CC6=N5)C)O)/C.CC(C)=O,0.036374078781774455,0.9585577172182256,0.000695216
91,799,Rifaximin,AP63,80621-81-4,785.9,C[C@H]1/C=C/C=C(\C(=O)NC2=C(C3=C(C4=C(C(=C3O)C)O[C@@](C4=O)(O/C=C/[C@@H]([C@H]([C@H]([C@@H]([C@@H]([C@@H]([C@H]1O)C)O)C)OC(=O)C)C)OC)C)C5=C2N6C=CC(=CC6=N5)C)O)/C,CC#N,Acetonitrile,0.9624980222478758,0.026926439,C[C@H]1/C=C/C=C(\C(=O)NC2=C(C3=C(C4=C(C(=C3O)C)O[C@@](C4=O)(O/C=C/[C@@H]([C@H]([C@H]([C@@H]([C@@H]([C@@H]([C@H]1O)C)O)C)OC(=O)C)C)OC)C)C5=C2N6C=CC(=CC6=N5)C)O)/C.CC#N,0.025108057869599576,0.9608555911304004,0.001642431
85,662,Rifaximin,AP63,80621-81-4,785.9,C[C@H]1/C=C/C=C(\C(=O)NC2=C(C3=C(C4=C(C(=C3O)C)O[C@@](C4=O)(O/C=C/[C@@H]([C@H]([C@H]([C@@H]([C@@H]([C@@H]([C@H]1O)C)O)C)OC(=O)C)C)OC)C)C5=C2N6C=CC(=CC6=N5)C)O)/C,CO,Methanol,0.9561257740659481,0.0,C[C@H]1/C=C/C=C(\C(=O)NC2=C(C3=C(C4=C(C(=C3O)C)O[C@@](C4=O)(O/C=C/[C@@H]([C@H]([C@H]([C@@H]([C@@H]([C@@H]([C@H]1O)C)O)C)OC(=O)C)C)OC)C)C5=C2N6C=CC(=CC6=N5)C)O)/C.CO,0.041146041053557236,0.9588539589464428,0.002728185
86,595,Rifaximin,AP63,80621-81-4,785.9,C[C@H]1/C=C/C=C(\C(=O)NC2=C(C3=C(C4=C(C(=C3O)C)O[C@@](C4=O)(O/C=C/[C@@H]([C@H]([C@H]([C@@H]([C@@H]([C@@H]([C@H]1O)C)O)C)OC(=O)C)C)OC)C)C5=C2N6C=CC(=CC6=N5)C)O)/C,O=CN(C)C,Dimethyl formamide,0.9542673066340924,0.000382203,C[C@H]1/C=C/C=C(\C(=O)NC2=C(C3=C(C4=C(C(=C3O)C)O[C@@](C4=O)(O/C=C/[C@@H]([C@H]([C@H]([C@@H]([C@@H]([C@@H]([C@H]1O)C)O)C)OC(=O)C)C)OC)C)C5=C2N6C=CC(=CC6=N5)C)O)/C.O=CN(C)C,0.04827661172326547,0.9509025372767346,0.003364769
87,556,Rifaximin,AP63,80621-81-4,785.9,C[C@H]1/C=C/C=C(\C(=O)NC2=C(C3=C(C4=C(C(=C3O)C)O[C@@](C4=O)(O/C=C/[C@@H]([C@H]([C@H]([C@@H]([C@@H]([C@@H]([C@H]1O)C)O)C)OC(=O)C)C)OC)C)C5=C2N6C=CC(=CC6=N5)C)O)/C,CCO,Ethanol,0.9512473437657876,0.000714051,C[C@H]1/C=C/C=C(\C(=O)NC2=C(C3=C(C4=C(C(=C3O)C)O[C@@](C4=O)(O/C=C/[C@@H]([C@H]([C@H]([C@@H]([C@@H]([C@@H]([C@H]1O)C)O)C)OC(=O)C)C)OC)C)C5=C2N6C=CC(=CC6=N5)C)O)/C.CCO,0.052859303711836,0.943619206288164,0.007628137
89,361,Rifaximin,AP63,80621-81-4,785.9,C[C@H]1/C=C/C=C(\C(=O)NC2=C(C3=C(C4=C(C(=C3O)C)O[C@@](C4=O)(O/C=C/[C@@H]([C@H]([C@H]([C@@H]([C@@H]([C@@H]([C@H]1O)C)O)C)OC(=O)C)C)OC)C)C5=C2N6C=CC(=CC6=N5)C)O)/C,CC(O)C,2-Propanol,0.9258361348526034,0.005758866,C[C@H]1/C=C/C=C(\C(=O)NC2=C(C3=C(C4=C(C(=C3O)C)O[C@@](C4=O)(O/C=C/[C@@H]([C@H]([C@H]([C@@H]([C@@H]([C@@H]([C@H]1O)C)O)C)OC(=O)C)C)OC)C)C5=C2N6C=CC(=CC6=N5)C)O)/C.CC(O)C,0.08110276544182438,0.9070365495581756,0.018799585
90,91,Rifaximin,AP63,80621-81-4,785.9,C[C@H]1/C=C/C=C(\C(=O)NC2=C(C3=C(C4=C(C(=C3O)C)O[C@@](C4=O)(O/C=C/[C@@H]([C@H]([C@H]([C@@H]([C@@H]([C@@H]([C@H]1O)C)O)C)OC(=O)C)C)OC)C)C5=C2N6C=CC(=CC6=N5)C)O)/C,CC(C)(C)OC,Methyl tert butyl ether,0.7116832155523316,0.011483947,C[C@H]1/C=C/C=C(\C(=O)NC2=C(C3=C(C4=C(C(=C3O)C)O[C@@](C4=O)(O/C=C/[C@@H]([C@H]([C@H]([C@@H]([C@@H]([C@@H]([C@H]1O)C)O)C)OC(=O)C)C)OC)C)C5=C2N6C=CC(=CC6=N5)C)O)/C.CC(C)(C)OC,0.18553744289397467,0.6837360561060253,0.027947159
92,8,Rifaximin,AP63,80621-81-4,785.9,C[C@H]1/C=C/C=C(\C(=O)NC2=C(C3=C(C4=C(C(=C3O)C)O[C@@](C4=O)(O/C=C/[C@@H]([C@H]([C@H]([C@@H]([C@@H]([C@@H]([C@H]1O)C)O)C)OC(=O)C)C)OC)C)C5=C2N6C=CC(=CC6=N5)C)O)/C,CC1CCCO1,2-Methly tetrahydrofurane,0.8804306422539783,0.097866498,C[C@H]1/C=C/C=C(\C(=O)NC2=C(C3=C(C4=C(C(=C3O)C)O[C@@](C4=O)(O/C=C/[C@@H]([C@H]([C@H]([C@@H]([C@@H]([C@@H]([C@H]1O)C)O)C)OC(=O)C)C)OC)C)C5=C2N6C=CC(=CC6=N5)C)O)/C.CC1CCCO1,0.3343020023122435,0.8515983873122435,0.028832255
