,DOI,Year,Journal,Membrane,MWCO,Membrane type,Solute,Solute W conc,Solute M conc,Solvent,Solvent Mw,Solvent diameter,Solvent viscosity,Solvent molar volume,Density,H1,H2,H3,H4,Livingston parameter,Pressure,Flux,Permeance,measured_rejection,Unnamed: 24,solvent_smiles,Temperature,Process configuration,solute_smiles,full_smiles
0,10.1016/j.memsci.2016.10.015,2017,,DM300,300,,,220.0,,DMF,73.1,0.626,0.8,77.1,0.948,17.4,13.7,11.3,24.86,43.58,30.0,,,27.61,0.28,O=CN(C)C,,CF,C=C(C1=CC=CC=C1)CC(C)(C)C2=CC=CC=C2,C=C(C1=CC=CC=C1)CC(C)(C)C2=CC=CC=C2.O=CN(C)C
1,10.1016/j.memsci.2018.12.077,2019,Journal of Membrane Science,DM300,300,,142.3,1.0,0.007027,IPA,60.1,0.624,1.96,76.46,0.786,15.8,6.1,16.4,23.58,7.98,20.0,,,36.3,0.36,CC(O)C,25.0,CF,CCCCCCCCCC,CCCCCCCCCC.CC(O)C
2,10.1016/j.memsci.2016.10.015,2017,,DM300,300,,,220.0,,DMF,73.1,0.626,0.8,77.1,0.948,17.4,13.7,11.3,24.86,43.58,30.0,,,38.03,0.38,O=CN(C)C,,CF,CC(C1=CC=CC=C1)CC(C2=CC=CC=C2)CC(C)(C)C3=CC=CC=C3,CC(C1=CC=CC=C1)CC(C2=CC=CC=C2)CC(C)(C)C3=CC=CC=C3.O=CN(C)C
3,10.1016/j.memsci.2018.12.077,2019,Journal of Membrane Science,DM300,300,,400.0,1.0,0.0025,EtOH,46.1,0.52,1.07,44.13,1.044,18.4,6.3,13.7,23.79,21.71,40.0,28.1,0.7,38.8,0.39,CCO,25.0,CF,O=C(OC)C(C)(CC(C)(CC(C)C(OC)=O)C(OC)=O)CC(C)(C(OC)=O)C,O=C(OC)C(C)(CC(C)(CC(C)C(OC)=O)C(OC)=O)CC(C)(C(OC)=O)C.CCO
4,10.1016/j.memsci.2018.12.077,2019,Journal of Membrane Science,DM300,300,,142.3,1.0,0.007027,IPA,60.1,0.624,1.96,76.46,0.786,15.8,6.1,16.4,23.58,7.98,30.0,,,41.6,0.42,CC(O)C,25.0,CF,CCCCCCCCCC,CCCCCCCCCC.CC(O)C
5,10.1016/j.memsci.2018.12.077,2019,Journal of Membrane Science,DM300,300,,400.0,1.0,0.0025,EtOH,46.1,0.52,1.07,44.13,1.044,18.4,6.3,13.7,23.79,21.71,20.0,14.0,0.7,44.5,0.45,CCO,25.0,CF,O=C(OC)C(C)(CC(C)(CC(C)C(OC)=O)C(OC)=O)CC(C)(C(OC)=O)C,O=C(OC)C(C)(CC(C)(CC(C)C(OC)=O)C(OC)=O)CC(C)(C(OC)=O)C.CCO
6,10.1016/j.memsci.2018.12.077,2019,Journal of Membrane Science,DM300,300,,170.3,1.0,0.005872,IPA,60.1,0.624,1.96,76.46,0.786,15.8,6.1,16.4,23.58,7.98,20.0,,,46.8,0.47,CC(O)C,25.0,CF,CCCCCCCCCCCC,CCCCCCCCCCCC.CC(O)C
7,10.1016/j.memsci.2017.05.003,2017,Journal of Membrane Science,DM300,300,,408.0,14.3,0.035049,MeCN,41.1,0.55,0.37,52.23,0.786,15.3,18.0,6.1,24.4,160.91,40.0,131.1,3.28,47.7,0.48,CC#N,25.0,DE,[Cl-].CN(C)C1=CC=C(C=C1)[C+](C1=CC=C(C=C1)N(C)C)C1=CC=C(C=C1)N(C)C,[Cl-].CN(C)C1=CC=C(C=C1)[C+](C1=CC=C(C=C1)N(C)C)C1=CC=C(C=C1)N(C)C.CC#N
8,10.1016/j.memsci.2018.12.077,2019,Journal of Membrane Science,DM300,300,,170.3,1.0,0.005872,IPA,60.1,0.624,1.96,76.46,0.786,15.8,6.1,16.4,23.58,7.98,30.0,,,48.0,0.48,CC(O)C,25.0,CF,CCCCCCCCCCCC,CCCCCCCCCCCC.CC(O)C
9,10.1016/j.memsci.2018.12.077,2019,Journal of Membrane Science,DM300,300,,198.4,1.0,0.00504,IPA,60.1,0.624,1.96,76.46,0.786,15.8,6.1,16.4,23.58,7.98,30.0,,,50.6,0.51,CC(O)C,25.0,CF,CCCCCCCCCCCCCC,CCCCCCCCCCCCCC.CC(O)C
10,10.1016/j.memsci.2018.12.077,2019,Journal of Membrane Science,DM300,300,,198.4,1.0,0.00504,IPA,60.1,0.624,1.96,76.46,0.786,15.8,6.1,16.4,23.58,7.98,20.0,,,52.5,0.53,CC(O)C,25.0,CF,CCCCCCCCCCCCCC,CCCCCCCCCCCCCC.CC(O)C
11,10.1021/acssuschemeng.5b00734,2015,ASCECG,DM300,300,,116.0,17.4,0.15,EtOH,46.1,0.52,1.07,44.13,1.044,18.4,6.3,13.7,23.79,21.71,30.0,8.2,0.27,56.0,0.56,CCO,23.0,CF,CCC(CO1)OC1=O,CCC(CO1)OC1=O.CCO
12,10.1021/acssuschemeng.5b00734,2015,ASCECG,DM300,300,,116.0,17.4,0.15,EtOH,46.1,0.52,1.07,44.13,1.044,18.4,6.3,13.7,23.79,21.71,30.0,8.6,0.29,56.0,0.56,CCO,23.0,CF,CCC(CO1)OC1=O,CCC(CO1)OC1=O.CCO
13,10.1016/j.memsci.2018.12.077,2019,Journal of Membrane Science,DM300,300,,226.4,1.0,0.004417,IPA,60.1,0.624,1.96,76.46,0.786,15.8,6.1,16.4,23.58,7.98,20.0,,,56.4,0.56,CC(O)C,25.0,CF,CCCCCCCCCCCCCCCC,CCCCCCCCCCCCCCCC.CC(O)C
14,10.1016/j.memsci.2018.12.077,2019,Journal of Membrane Science,DM300,300,,254.5,1.0,0.003929,IPA,60.1,0.624,1.96,76.46,0.786,15.8,6.1,16.4,23.58,7.98,30.0,,,56.7,0.57,CC(O)C,25.0,CF,CCCCCCCCCCCCCCCCCC,CCCCCCCCCCCCCCCCCC.CC(O)C
15,10.1002/cctc.201500902,2016,ChemCatChem,DM300,300,,408.6,4.1,0.010034,EtOH,46.1,0.52,1.07,44.13,1.044,18.4,6.3,13.7,23.79,21.71,30.0,30.6,1.02,57.0,0.57,CCO,23.0,CF,O=C(C12CC3CC(C2)CC(C3)C1)O,O=C(C12CC3CC(C2)CC(C3)C1)O.CCO
16,10.1016/j.memsci.2018.12.077,2019,Journal of Membrane Science,DM300,300,,226.4,1.0,0.004417,IPA,60.1,0.624,1.96,76.46,0.786,15.8,6.1,16.4,23.58,7.98,30.0,,,57.6,0.58,CC(O)C,25.0,CF,CCCCCCCCCCCCCCCC,CCCCCCCCCCCCCCCC.CC(O)C
17,10.1016/j.memsci.2018.12.077,2019,Journal of Membrane Science,DM300,300,,142.3,1.0,0.007027,IPA,60.1,0.624,1.96,76.46,0.786,15.8,6.1,16.4,23.58,7.98,40.0,,,57.9,0.58,CC(O)C,25.0,CF,CCCCCCCCCC,CCCCCCCCCC.CC(O)C
18,10.1016/j.memsci.2018.12.077,2019,Journal of Membrane Science,DM300,300,,254.5,1.0,0.003929,IPA,60.1,0.624,1.96,76.46,0.786,15.8,6.1,16.4,23.58,7.98,20.0,,,58.0,0.58,CC(O)C,25.0,CF,CCCCCCCCCCCCCCCCCC,CCCCCCCCCCCCCCCCCC.CC(O)C
19,10.1039/c7ra11827a,2017,RSC Adv,DM300,300,,174.1,0.5,0.002872,MeTHF,86.1,0.685,0.55,100.85,0.854,16.9,5.0,4.3,18.14,19.46,10.0,2.5,0.25,58.6,0.59,CC1CCCO1,25.0,CF,O=CC1=CC=C(C(F)(F)F)C=C1,O=CC1=CC=C(C(F)(F)F)C=C1.CC1CCCO1
20,10.1016/j.memsci.2018.12.077,2019,Journal of Membrane Science,DM300,300,,338.7,1.0,0.002952,IPA,60.1,0.624,1.96,76.46,0.786,15.8,6.1,16.4,23.58,7.98,30.0,,,63.3,0.63,CC(O)C,25.0,CF,CCCCCCCCCCCCCCCCCCCCCCCC,CCCCCCCCCCCCCCCCCCCCCCCC.CC(O)C
21,10.1016/j.memsci.2018.12.077,2019,Journal of Membrane Science,DM300,300,,170.3,1.0,0.005872,IPA,60.1,0.624,1.96,76.46,0.786,15.8,6.1,16.4,23.58,7.98,40.0,,,64.3,0.64,CC(O)C,25.0,CF,CCCCCCCCCCCC,CCCCCCCCCCCC.CC(O)C
22,10.1016/j.memsci.2018.12.077,2019,Journal of Membrane Science,DM300,300,,142.3,1.0,0.007027,EtOH,46.1,0.52,1.07,44.13,1.044,18.4,6.3,13.7,23.79,21.71,20.0,14.0,0.7,64.5,0.65,CCO,25.0,CF,CCCCCCCCCC,CCCCCCCCCC.CCO
23,10.1016/j.memsci.2018.12.077,2019,Journal of Membrane Science,DM300,300,,338.7,1.0,0.002952,IPA,60.1,0.624,1.96,76.46,0.786,15.8,6.1,16.4,23.58,7.98,20.0,,,65.2,0.65,CC(O)C,25.0,CF,CCCCCCCCCCCCCCCCCCCCCCCC,CCCCCCCCCCCCCCCCCCCCCCCC.CC(O)C
24,10.1016/j.memsci.2016.10.015,2017,,DM300,300,,,220.0,,DMF,73.1,0.626,0.8,77.1,0.948,17.4,13.7,11.3,24.86,43.58,30.0,,,65.49,0.65,O=CN(C)C,,CF,CC(C1=CC=CC=C1)CC(C2=CC=CC=C2)CC(C3=CC=CC=C3)CC(C)(C)C4=CC=CC=C4,CC(C1=CC=CC=C1)CC(C2=CC=CC=C2)CC(C3=CC=CC=C3)CC(C)(C)C4=CC=CC=C4.O=CN(C)C
25,10.1039/c7ra11827a,2017,RSC Adv,DM300,300,,174.1,0.5,0.002872,MeTHF,86.1,0.685,0.55,100.85,0.854,16.9,5.0,4.3,18.14,19.46,20.0,5.5,0.28,68.4,0.68,CC1CCCO1,25.0,CF,O=CC1=CC=C(C(F)(F)F)C=C1,O=CC1=CC=C(C(F)(F)F)C=C1.CC1CCCO1
26,10.1016/j.memsci.2018.12.077,2019,Journal of Membrane Science,DM300,300,,170.3,1.0,0.005872,EtOH,46.1,0.52,1.07,44.13,1.044,18.4,6.3,13.7,23.79,21.71,20.0,14.0,0.7,69.8,0.7,CCO,25.0,CF,CCCCCCCCCCCC,CCCCCCCCCCCC.CCO
27,10.1016/j.memsci.2018.12.077,2019,Journal of Membrane Science,DM300,300,,198.4,1.0,0.00504,IPA,60.1,0.624,1.96,76.46,0.786,15.8,6.1,16.4,23.58,7.98,40.0,,,69.9,0.7,CC(O)C,25.0,CF,CCCCCCCCCCCCCC,CCCCCCCCCCCCCC.CC(O)C
28,10.1016/j.memsci.2018.12.077,2019,Journal of Membrane Science,DM300,300,,678.6,1.0,0.001474,IPA,60.1,0.624,1.96,76.46,0.786,15.8,6.1,16.4,23.58,7.98,20.0,,,70.1,0.7,CC(O)C,25.0,CF,CC(=O)OCC1C(C(C(C(O1)OC2(C(C(C(O2)COC(=O)C)OC(=O)C)OC(=O)C)COC(=O)C)OC(=O)C)OC(=O)C)OC(=O)C,CC(=O)OCC1C(C(C(C(O1)OC2(C(C(C(O2)COC(=O)C)OC(=O)C)OC(=O)C)COC(=O)C)OC(=O)C)OC(=O)C)OC(=O)C.CC(O)C
29,10.1016/j.memsci.2018.12.077,2019,Journal of Membrane Science,DM300,300,,678.6,1.0,0.001474,IPA,60.1,0.624,1.96,76.46,0.786,15.8,6.1,16.4,23.58,7.98,30.0,,,70.3,0.7,CC(O)C,25.0,CF,CC(=O)OCC1C(C(C(C(O1)OC2(C(C(C(O2)COC(=O)C)OC(=O)C)OC(=O)C)COC(=O)C)OC(=O)C)OC(=O)C)OC(=O)C,CC(=O)OCC1C(C(C(C(O1)OC2(C(C(C(O2)COC(=O)C)OC(=O)C)OC(=O)C)COC(=O)C)OC(=O)C)OC(=O)C)OC(=O)C.CC(O)C
30,10.1016/j.jfoodeng.2010.07.020,2011,Journal of Food Engineering,DM300,300,,280.0,1.1,0.003929,EtOAc,88.1,0.677,0.46,97.68,0.902,15.8,5.3,7.2,18.15,25.1,30.0,3.0,0.1,70.4,0.7,CC(OCC)=O,30.0,CF,OC(CCCCCCC/C=C/CCCCCCCC)=O,OC(CCCCCCC/C=C/CCCCCCCC)=O.CC(OCC)=O
31,10.1016/j.memsci.2018.12.077,2019,Journal of Membrane Science,DM300,300,,254.5,1.0,0.003929,IPA,60.1,0.624,1.96,76.46,0.786,15.8,6.1,16.4,23.58,7.98,40.0,,,72.8,0.73,CC(O)C,25.0,CF,CCCCCCCCCCCCCCCCCC,CCCCCCCCCCCCCCCCCC.CC(O)C
32,10.1016/j.memsci.2018.12.077,2019,Journal of Membrane Science,DM300,300,,142.3,1.0,0.007027,EtOH,46.1,0.52,1.07,44.13,1.044,18.4,6.3,13.7,23.79,21.71,30.0,21.1,0.7,73.1,0.73,CCO,25.0,CF,CCCCCCCCCC,CCCCCCCCCC.CCO
33,10.1016/j.memsci.2018.12.077,2019,Journal of Membrane Science,DM300,300,,198.4,1.0,0.00504,EtOH,46.1,0.52,1.07,44.13,1.044,18.4,6.3,13.7,23.79,21.71,20.0,14.0,0.7,73.6,0.74,CCO,25.0,CF,CCCCCCCCCCCCCC,CCCCCCCCCCCCCC.CCO
34,10.1039/c7ra11827a,2017,RSC Adv,DM300,300,,174.1,0.5,0.002872,MeTHF,86.1,0.685,0.55,100.85,0.854,16.9,5.0,4.3,18.14,19.46,30.0,7.8,0.26,73.8,0.74,CC1CCCO1,25.0,CF,O=CC1=CC=C(C(F)(F)F)C=C1,O=CC1=CC=C(C(F)(F)F)C=C1.CC1CCCO1
35,10.1016/j.memsci.2018.12.077,2019,Journal of Membrane Science,DM300,300,,226.4,1.0,0.004417,IPA,60.1,0.624,1.96,76.46,0.786,15.8,6.1,16.4,23.58,7.98,40.0,,,74.3,0.74,CC(O)C,25.0,CF,CCCCCCCCCCCCCCCC,CCCCCCCCCCCCCCCC.CC(O)C
36,10.1016/j.memsci.2018.12.077,2019,Journal of Membrane Science,DM300,300,,226.4,1.0,0.004417,EtOH,46.1,0.52,1.07,44.13,1.044,18.4,6.3,13.7,23.79,21.71,20.0,14.0,0.7,76.5,0.77,CCO,25.0,CF,CCCCCCCCCCCCCCCC,CCCCCCCCCCCCCCCC.CCO
37,10.1039/c7ra11827a,2017,RSC Adv,DM300,300,,174.1,0.5,0.002872,MeTHF,86.1,0.685,0.55,100.85,0.854,16.9,5.0,4.3,18.14,19.46,40.0,8.4,0.21,76.5,0.77,CC1CCCO1,25.0,CF,O=CC1=CC=C(C(F)(F)F)C=C1,O=CC1=CC=C(C(F)(F)F)C=C1.CC1CCCO1
38,10.1016/j.memsci.2018.12.077,2019,Journal of Membrane Science,DM300,300,,142.3,1.0,0.007027,EtOH,46.1,0.52,1.07,44.13,1.044,18.4,6.3,13.7,23.79,21.71,40.0,28.1,0.7,77.5,0.78,CCO,25.0,CF,CCCCCCCCCC,CCCCCCCCCC.CCO
39,10.1016/j.memsci.2018.12.077,2019,Journal of Membrane Science,DM300,300,,1000.0,1.0,0.001,EtOH,46.1,0.52,1.07,44.13,1.044,18.4,6.3,13.7,23.79,21.71,20.0,14.0,0.7,78.4,0.78,CCO,25.0,CF,O=C(C(CC(CC(C(OC)=O)C)(C(OC)=O)C)(CC(C(OC)=O)(CC(C(OC)=O)(CC(C(OC)=O)(CC(C(OC)=O)(CC(C(OC)=O)(CC(C(OC)=O)(CC(C(OC)=O)(C)C)C)C)C)C)C)C)C)OC,O=C(C(CC(CC(C(OC)=O)C)(C(OC)=O)C)(CC(C(OC)=O)(CC(C(OC)=O)(CC(C(OC)=O)(CC(C(OC)=O)(CC(C(OC)=O)(CC(C(OC)=O)(CC(C(OC)=O)(C)C)C)C)C)C)C)C)C)OC.CCO
40,10.1016/j.memsci.2016.10.015,2017,,DM300,300,,,220.0,,DMF,73.1,0.626,0.8,77.1,0.948,17.4,13.7,11.3,24.86,43.58,30.0,,,78.56,0.79,O=CN(C)C,,CF,CC(C1=CC=CC=C1)CC(C2=CC=CC=C2)CC(C3=CC=CC=C3)CC(C4=CC=CC=C4)CC(C)(C)C5=CC=CC=C5,CC(C1=CC=CC=C1)CC(C2=CC=CC=C2)CC(C3=CC=CC=C3)CC(C4=CC=CC=C4)CC(C)(C)C5=CC=CC=C5.O=CN(C)C
41,10.1016/j.memsci.2018.12.077,2019,Journal of Membrane Science,DM300,300,,254.5,1.0,0.003929,EtOH,46.1,0.52,1.07,44.13,1.044,18.4,6.3,13.7,23.79,21.71,20.0,14.0,0.7,78.9,0.79,CCO,25.0,CF,CCCCCCCCCCCCCCCCCC,CCCCCCCCCCCCCCCCCC.CCO
42,10.1016/j.memsci.2018.12.077,2019,Journal of Membrane Science,DM300,300,,338.7,1.0,0.002952,IPA,60.1,0.624,1.96,76.46,0.786,15.8,6.1,16.4,23.58,7.98,40.0,,,79.0,0.79,CC(O)C,25.0,CF,CCCCCCCCCCCCCCCCCCCCCCCC,CCCCCCCCCCCCCCCCCCCCCCCC.CC(O)C
43,10.1016/j.memsci.2018.12.077,2019,Journal of Membrane Science,DM300,300,,170.3,1.0,0.005872,EtOH,46.1,0.52,1.07,44.13,1.044,18.4,6.3,13.7,23.79,21.71,30.0,21.1,0.7,79.1,0.79,CCO,25.0,CF,CCCCCCCCCCCC,CCCCCCCCCCCC.CCO
44,10.1016/j.memsci.2017.05.003,2017,Journal of Membrane Science,DM300,300,,351.0,12.3,0.035043,MeCN,41.1,0.55,0.37,52.23,0.786,15.3,18.0,6.1,24.4,160.91,40.0,121.4,3.04,79.8,0.8,CC#N,25.0,DE,[Cl-].n1c4c([n+](c2c1cc(c(N)c2)C)c3ccccc3)cc(c(c4)C)N,[Cl-].n1c4c([n+](c2c1cc(c(N)c2)C)c3ccccc3)cc(c(c4)C)N.CC#N
45,10.1016/j.memsci.2018.12.077,2019,Journal of Membrane Science,DM300,300,,198.4,1.0,0.00504,EtOH,46.1,0.52,1.07,44.13,1.044,18.4,6.3,13.7,23.79,21.71,30.0,21.1,0.7,80.3,0.8,CCO,25.0,CF,CCCCCCCCCCCCCC,CCCCCCCCCCCCCC.CCO
46,10.1016/j.memsci.2016.10.015,2017,,DM300,300,,,220.0,,DMF,73.1,0.626,0.8,77.1,0.948,17.4,13.7,11.3,24.86,43.58,30.0,,,80.32,0.8,O=CN(C)C,,CF,C=C(C1=CC=CC=C1)CC(C)(C)C2=CC=CC=C2,C=C(C1=CC=CC=C1)CC(C)(C)C2=CC=CC=C2.O=CN(C)C
47,10.1016/j.memsci.2018.12.077,2019,Journal of Membrane Science,DM300,300,,170.3,1.0,0.005872,EtOH,46.1,0.52,1.07,44.13,1.044,18.4,6.3,13.7,23.79,21.71,40.0,28.1,0.7,80.9,0.81,CCO,25.0,CF,CCCCCCCCCCCC,CCCCCCCCCCCC.CCO
48,10.1016/j.memsci.2018.12.077,2019,Journal of Membrane Science,DM300,300,,900.0,1.0,0.001111,IPA,60.1,0.624,1.96,76.46,0.786,15.8,6.1,16.4,23.58,7.98,20.0,,,81.3,0.81,CC(O)C,25.0,CF,O=C(C(CC(CC(C(OC)=O)C)(C(OC)=O)C)(CC(C(OC)=O)(CC(C(OC)=O)(CC(C(OC)=O)(CC(C(OC)=O)(CC(C(OC)=O)(CC(C(OC)=O)(C)C)C)C)C)C)C)C)OC,O=C(C(CC(CC(C(OC)=O)C)(C(OC)=O)C)(CC(C(OC)=O)(CC(C(OC)=O)(CC(C(OC)=O)(CC(C(OC)=O)(CC(C(OC)=O)(CC(C(OC)=O)(C)C)C)C)C)C)C)C)OC.CC(O)C
49,10.1016/j.memsci.2018.12.077,2019,Journal of Membrane Science,DM300,300,,1100.0,1.0,0.000909,IPA,60.1,0.624,1.96,76.46,0.786,15.8,6.1,16.4,23.58,7.98,20.0,,,81.6,0.82,CC(O)C,25.0,CF,O=C(C(CC(CC(C(OC)=O)C)(C(OC)=O)C)(CC(C(OC)=O)(CC(C(OC)=O)(CC(C(OC)=O)(CC(C(OC)=O)(CC(C(OC)=O)(CC(C(OC)=O)(CC(C(OC)=O)(C)C)C)C)C)C)C)C)C)OC,O=C(C(CC(CC(C(OC)=O)C)(C(OC)=O)C)(CC(C(OC)=O)(CC(C(OC)=O)(CC(C(OC)=O)(CC(C(OC)=O)(CC(C(OC)=O)(CC(C(OC)=O)(CC(C(OC)=O)(C)C)C)C)C)C)C)C)C)OC.CC(O)C
50,10.1016/j.memsci.2018.12.077,2019,Journal of Membrane Science,DM300,300,,1200.0,1.0,0.000833,IPA,60.1,0.624,1.96,76.46,0.786,15.8,6.1,16.4,23.58,7.98,20.0,,,81.7,0.82,CC(O)C,25.0,CF,O=C(C(CC(CC(C(OC)=O)C)(C(OC)=O)C)(CC(C(OC)=O)(CC(C(OC)=O)(CC(C(OC)=O)(CC(C(OC)=O)(CC(C(OC)=O)(CC(C(OC)=O)(CC(C(OC)=O)(CC(C(OC)=O)(CC(C(OC)=O)(C)C)C)C)C)C)C)C)C)C)C)OC,O=C(C(CC(CC(C(OC)=O)C)(C(OC)=O)C)(CC(C(OC)=O)(CC(C(OC)=O)(CC(C(OC)=O)(CC(C(OC)=O)(CC(C(OC)=O)(CC(C(OC)=O)(CC(C(OC)=O)(CC(C(OC)=O)(CC(C(OC)=O)(C)C)C)C)C)C)C)C)C)C)C)OC.CC(O)C
51,10.1016/j.memsci.2018.12.077,2019,Journal of Membrane Science,DM300,300,,1000.0,1.0,0.001,IPA,60.1,0.624,1.96,76.46,0.786,15.8,6.1,16.4,23.58,7.98,20.0,,,81.9,0.82,CC(O)C,25.0,CF,O=C(C(CC(CC(C(OC)=O)C)(C(OC)=O)C)(CC(C(OC)=O)(CC(C(OC)=O)(CC(C(OC)=O)(CC(C(OC)=O)(CC(C(OC)=O)(CC(C(OC)=O)(CC(C(OC)=O)(C)C)C)C)C)C)C)C)C)OC,O=C(C(CC(CC(C(OC)=O)C)(C(OC)=O)C)(CC(C(OC)=O)(CC(C(OC)=O)(CC(C(OC)=O)(CC(C(OC)=O)(CC(C(OC)=O)(CC(C(OC)=O)(CC(C(OC)=O)(C)C)C)C)C)C)C)C)C)OC.CC(O)C
52,10.1016/j.memsci.2018.12.077,2019,Journal of Membrane Science,DM300,300,,226.4,1.0,0.004417,EtOH,46.1,0.52,1.07,44.13,1.044,18.4,6.3,13.7,23.79,21.71,30.0,21.1,0.7,82.9,0.83,CCO,25.0,CF,CCCCCCCCCCCCCCCC,CCCCCCCCCCCCCCCC.CCO
53,10.1016/j.memsci.2018.12.077,2019,Journal of Membrane Science,DM300,300,,198.4,1.0,0.00504,EtOH,46.1,0.52,1.07,44.13,1.044,18.4,6.3,13.7,23.79,21.71,40.0,28.1,0.7,83.0,0.83,CCO,25.0,CF,CCCCCCCCCCCCCC,CCCCCCCCCCCCCC.CCO
54,10.1016/j.memsci.2018.12.077,2019,Journal of Membrane Science,DM300,300,,300.0,1.0,0.003333,IPA,60.1,0.624,1.96,76.46,0.786,15.8,6.1,16.4,23.58,7.98,20.0,,,83.3,0.83,CC(O)C,25.0,CF,O=C(OC)C(C)(CC(C)(CC(C)C(OC)=O)C(OC)=O)C,O=C(OC)C(C)(CC(C)(CC(C)C(OC)=O)C(OC)=O)C.CC(O)C
55,10.1016/j.memsci.2018.12.077,2019,Journal of Membrane Science,DM300,300,,678.6,1.0,0.001474,IPA,60.1,0.624,1.96,76.46,0.786,15.8,6.1,16.4,23.58,7.98,40.0,,,83.4,0.83,CC(O)C,25.0,CF,CC(=O)OCC1C(C(C(C(O1)OC2(C(C(C(O2)COC(=O)C)OC(=O)C)OC(=O)C)COC(=O)C)OC(=O)C)OC(=O)C)OC(=O)C,CC(=O)OCC1C(C(C(C(O1)OC2(C(C(C(O2)COC(=O)C)OC(=O)C)OC(=O)C)COC(=O)C)OC(=O)C)OC(=O)C)OC(=O)C.CC(O)C
56,10.1016/j.memsci.2018.12.077,2019,Journal of Membrane Science,DM300,300,,400.0,1.0,0.0025,IPA,60.1,0.624,1.96,76.46,0.786,15.8,6.1,16.4,23.58,7.98,20.0,,,83.6,0.84,CC(O)C,25.0,CF,O=C(OC)C(C)(CC(C)(CC(C)C(OC)=O)C(OC)=O)CC(C)(C(OC)=O)C,O=C(OC)C(C)(CC(C)(CC(C)C(OC)=O)C(OC)=O)CC(C)(C(OC)=O)C.CC(O)C
57,10.1016/j.memsci.2019.117202,2019,Journal of Membrane Science,DM300,300,,280.4,50.0,0.178317,AcMe,58.1,0.618,0.3,74.08,0.784,15.5,10.4,7.0,19.94,92.36,26.0,2.9,0.11,83.7,0.84,CC(C)=O,25.0,DE,O=C(O)CCCCCCCCCCCCCCCCC,O=C(O)CCCCCCCCCCCCCCCCC.CC(C)=O
58,10.1016/j.memsci.2018.12.077,2019,Journal of Membrane Science,DM300,300,,200.0,1.0,0.005,EtOH,46.1,0.52,1.07,44.13,1.044,18.4,6.3,13.7,23.79,21.71,20.0,14.0,0.7,84.0,0.84,CCO,25.0,CF,CC1(C(OC)=O)CCC1(C(OC)=O)C,CC1(C(OC)=O)CCC1(C(OC)=O)C.CCO
59,10.1016/j.memsci.2018.12.077,2019,Journal of Membrane Science,DM300,300,,900.0,1.0,0.001111,IPA,60.1,0.624,1.96,76.46,0.786,15.8,6.1,16.4,23.58,7.98,30.0,,,84.3,0.84,CC(O)C,25.0,CF,O=C(C(CC(CC(C(OC)=O)C)(C(OC)=O)C)(CC(C(OC)=O)(CC(C(OC)=O)(CC(C(OC)=O)(CC(C(OC)=O)(CC(C(OC)=O)(CC(C(OC)=O)(C)C)C)C)C)C)C)C)OC,O=C(C(CC(CC(C(OC)=O)C)(C(OC)=O)C)(CC(C(OC)=O)(CC(C(OC)=O)(CC(C(OC)=O)(CC(C(OC)=O)(CC(C(OC)=O)(CC(C(OC)=O)(C)C)C)C)C)C)C)C)OC.CC(O)C
60,10.1016/j.memsci.2018.12.077,2019,Journal of Membrane Science,DM300,300,,1100.0,1.0,0.000909,IPA,60.1,0.624,1.96,76.46,0.786,15.8,6.1,16.4,23.58,7.98,30.0,,,84.5,0.85,CC(O)C,25.0,CF,O=C(C(CC(CC(C(OC)=O)C)(C(OC)=O)C)(CC(C(OC)=O)(CC(C(OC)=O)(CC(C(OC)=O)(CC(C(OC)=O)(CC(C(OC)=O)(CC(C(OC)=O)(CC(C(OC)=O)(C)C)C)C)C)C)C)C)C)OC,O=C(C(CC(CC(C(OC)=O)C)(C(OC)=O)C)(CC(C(OC)=O)(CC(C(OC)=O)(CC(C(OC)=O)(CC(C(OC)=O)(CC(C(OC)=O)(CC(C(OC)=O)(CC(C(OC)=O)(C)C)C)C)C)C)C)C)C)OC.CC(O)C
61,10.1016/j.memsci.2018.12.077,2019,Journal of Membrane Science,DM300,300,,1200.0,1.0,0.000833,IPA,60.1,0.624,1.96,76.46,0.786,15.8,6.1,16.4,23.58,7.98,30.0,,,84.5,0.85,CC(O)C,25.0,CF,O=C(C(CC(CC(C(OC)=O)C)(C(OC)=O)C)(CC(C(OC)=O)(CC(C(OC)=O)(CC(C(OC)=O)(CC(C(OC)=O)(CC(C(OC)=O)(CC(C(OC)=O)(CC(C(OC)=O)(CC(C(OC)=O)(CC(C(OC)=O)(C)C)C)C)C)C)C)C)C)C)C)OC,O=C(C(CC(CC(C(OC)=O)C)(C(OC)=O)C)(CC(C(OC)=O)(CC(C(OC)=O)(CC(C(OC)=O)(CC(C(OC)=O)(CC(C(OC)=O)(CC(C(OC)=O)(CC(C(OC)=O)(CC(C(OC)=O)(CC(C(OC)=O)(C)C)C)C)C)C)C)C)C)C)C)OC.CC(O)C
62,10.1016/j.memsci.2018.12.077,2019,Journal of Membrane Science,DM300,300,,226.4,1.0,0.004417,EtOH,46.1,0.52,1.07,44.13,1.044,18.4,6.3,13.7,23.79,21.71,40.0,28.1,0.7,84.8,0.85,CCO,25.0,CF,CCCCCCCCCCCCCCCC,CCCCCCCCCCCCCCCC.CCO
63,10.1016/j.memsci.2018.12.077,2019,Journal of Membrane Science,DM300,300,,500.0,1.0,0.002,IPA,60.1,0.624,1.96,76.46,0.786,15.8,6.1,16.4,23.58,7.98,20.0,,,84.8,0.85,CC(O)C,25.0,CF,O=C(C(CC(CC(C(OC)=O)C)(C(OC)=O)C)(CC(C(OC)=O)(CC(C(OC)=O)(C)C)C)C)OC,O=C(C(CC(CC(C(OC)=O)C)(C(OC)=O)C)(CC(C(OC)=O)(CC(C(OC)=O)(C)C)C)C)OC.CC(O)C
64,10.1016/j.memsci.2018.12.077,2019,Journal of Membrane Science,DM300,300,,600.0,1.0,0.001667,IPA,60.1,0.624,1.96,76.46,0.786,15.8,6.1,16.4,23.58,7.98,20.0,,,84.8,0.85,CC(O)C,25.0,CF,O=C(C(CC(CC(C(OC)=O)C)(C(OC)=O)C)(CC(C(OC)=O)(CC(C(OC)=O)(CC(C(OC)=O)(C)C)C)C)C)OC,O=C(C(CC(CC(C(OC)=O)C)(C(OC)=O)C)(CC(C(OC)=O)(CC(C(OC)=O)(CC(C(OC)=O)(C)C)C)C)C)OC.CC(O)C
65,10.1016/j.memsci.2018.12.077,2019,Journal of Membrane Science,DM300,300,,1000.0,1.0,0.001,IPA,60.1,0.624,1.96,76.46,0.786,15.8,6.1,16.4,23.58,7.98,30.0,,,84.8,0.85,CC(O)C,25.0,CF,O=C(C(CC(CC(C(OC)=O)C)(C(OC)=O)C)(CC(C(OC)=O)(CC(C(OC)=O)(CC(C(OC)=O)(CC(C(OC)=O)(CC(C(OC)=O)(CC(C(OC)=O)(CC(C(OC)=O)(C)C)C)C)C)C)C)C)C)OC,O=C(C(CC(CC(C(OC)=O)C)(C(OC)=O)C)(CC(C(OC)=O)(CC(C(OC)=O)(CC(C(OC)=O)(CC(C(OC)=O)(CC(C(OC)=O)(CC(C(OC)=O)(CC(C(OC)=O)(C)C)C)C)C)C)C)C)C)OC.CC(O)C
66,10.1016/j.memsci.2018.12.077,2019,Journal of Membrane Science,DM300,300,,1100.0,1.0,0.000909,IPA,60.1,0.624,1.96,76.46,0.786,15.8,6.1,16.4,23.58,7.98,40.0,,,85.4,0.85,CC(O)C,25.0,CF,O=C(C(CC(CC(C(OC)=O)C)(C(OC)=O)C)(CC(C(OC)=O)(CC(C(OC)=O)(CC(C(OC)=O)(CC(C(OC)=O)(CC(C(OC)=O)(CC(C(OC)=O)(CC(C(OC)=O)(C)C)C)C)C)C)C)C)C)OC,O=C(C(CC(CC(C(OC)=O)C)(C(OC)=O)C)(CC(C(OC)=O)(CC(C(OC)=O)(CC(C(OC)=O)(CC(C(OC)=O)(CC(C(OC)=O)(CC(C(OC)=O)(CC(C(OC)=O)(C)C)C)C)C)C)C)C)C)OC.CC(O)C
67,10.1016/j.memsci.2018.12.077,2019,Journal of Membrane Science,DM300,300,,254.5,1.0,0.003929,EtOH,46.1,0.52,1.07,44.13,1.044,18.4,6.3,13.7,23.79,21.71,30.0,21.1,0.7,85.7,0.86,CCO,25.0,CF,CCCCCCCCCCCCCCCCCC,CCCCCCCCCCCCCCCCCC.CCO
68,10.1016/j.memsci.2018.12.077,2019,Journal of Membrane Science,DM300,300,,300.0,1.0,0.003333,IPA,60.1,0.624,1.96,76.46,0.786,15.8,6.1,16.4,23.58,7.98,30.0,,,86.1,0.86,CC(O)C,25.0,CF,O=C(OC)C(C)(CC(C)(CC(C)C(OC)=O)C(OC)=O)C,O=C(OC)C(C)(CC(C)(CC(C)C(OC)=O)C(OC)=O)C.CC(O)C
69,10.1016/j.memsci.2018.12.077,2019,Journal of Membrane Science,DM300,300,,400.0,1.0,0.0025,IPA,60.1,0.624,1.96,76.46,0.786,15.8,6.1,16.4,23.58,7.98,30.0,,,86.4,0.86,CC(O)C,25.0,CF,O=C(OC)C(C)(CC(C)(CC(C)C(OC)=O)C(OC)=O)CC(C)(C(OC)=O)C,O=C(OC)C(C)(CC(C)(CC(C)C(OC)=O)C(OC)=O)CC(C)(C(OC)=O)C.CC(O)C
70,10.1016/j.memsci.2018.12.077,2019,Journal of Membrane Science,DM300,300,,1200.0,1.0,0.000833,IPA,60.1,0.624,1.96,76.46,0.786,15.8,6.1,16.4,23.58,7.98,40.0,,,86.4,0.86,CC(O)C,25.0,CF,O=C(C(CC(CC(C(OC)=O)C)(C(OC)=O)C)(CC(C(OC)=O)(CC(C(OC)=O)(CC(C(OC)=O)(CC(C(OC)=O)(CC(C(OC)=O)(CC(C(OC)=O)(CC(C(OC)=O)(CC(C(OC)=O)(CC(C(OC)=O)(C)C)C)C)C)C)C)C)C)C)C)OC,O=C(C(CC(CC(C(OC)=O)C)(C(OC)=O)C)(CC(C(OC)=O)(CC(C(OC)=O)(CC(C(OC)=O)(CC(C(OC)=O)(CC(C(OC)=O)(CC(C(OC)=O)(CC(C(OC)=O)(CC(C(OC)=O)(CC(C(OC)=O)(C)C)C)C)C)C)C)C)C)C)C)OC.CC(O)C
71,10.1016/j.memsci.2018.12.077,2019,Journal of Membrane Science,DM300,300,,254.5,1.0,0.003929,EtOH,46.1,0.52,1.07,44.13,1.044,18.4,6.3,13.7,23.79,21.71,40.0,28.1,0.7,86.7,0.87,CCO,25.0,CF,CCCCCCCCCCCCCCCCCC,CCCCCCCCCCCCCCCCCC.CCO
72,10.1016/j.memsci.2016.10.015,2017,,DM300,300,,,220.0,,DMF,73.1,0.626,0.8,77.1,0.948,17.4,13.7,11.3,24.86,43.58,30.0,,,86.78,0.87,O=CN(C)C,,CF,CC(C1=CC=CC=C1)CC(C2=CC=CC=C2)CC(C3=CC=CC=C3)CC(C4=CC=CC=C4)CC(C5=CC=CC=C5)CC(C)(C)C6=CC=CC=C6,CC(C1=CC=CC=C1)CC(C2=CC=CC=C2)CC(C3=CC=CC=C3)CC(C4=CC=CC=C4)CC(C5=CC=CC=C5)CC(C)(C)C6=CC=CC=C6.O=CN(C)C
73,10.1016/j.memsci.2018.12.077,2019,Journal of Membrane Science,DM300,300,,678.6,1.0,0.001474,EtOH,46.1,0.52,1.07,44.13,1.044,18.4,6.3,13.7,23.79,21.71,20.0,14.0,0.7,86.8,0.87,CCO,25.0,CF,CC(=O)OCC1C(C(C(C(O1)OC2(C(C(C(O2)COC(=O)C)OC(=O)C)OC(=O)C)COC(=O)C)OC(=O)C)OC(=O)C)OC(=O)C,CC(=O)OCC1C(C(C(C(O1)OC2(C(C(C(O2)COC(=O)C)OC(=O)C)OC(=O)C)COC(=O)C)OC(=O)C)OC(=O)C)OC(=O)C.CCO
74,10.1016/j.memsci.2018.12.077,2019,Journal of Membrane Science,DM300,300,,700.0,1.0,0.001429,IPA,60.1,0.624,1.96,76.46,0.786,15.8,6.1,16.4,23.58,7.98,20.0,,,86.8,0.87,CC(O)C,25.0,CF,O=C(C(CC(CC(C(OC)=O)C)(C(OC)=O)C)(CC(C(OC)=O)(CC(C(OC)=O)(CC(C(OC)=O)(CC(C(OC)=O)(C)C)C)C)C)C)OC,O=C(C(CC(CC(C(OC)=O)C)(C(OC)=O)C)(CC(C(OC)=O)(CC(C(OC)=O)(CC(C(OC)=O)(CC(C(OC)=O)(C)C)C)C)C)C)OC.CC(O)C
75,10.1016/j.memsci.2018.12.077,2019,Journal of Membrane Science,DM300,300,,800.0,1.0,0.00125,IPA,60.1,0.624,1.96,76.46,0.786,15.8,6.1,16.4,23.58,7.98,20.0,,,86.8,0.87,CC(O)C,25.0,CF,O=C(C(CC(CC(C(OC)=O)C)(C(OC)=O)C)(CC(C(OC)=O)(CC(C(OC)=O)(CC(C(OC)=O)(CC(C(OC)=O)(CC(C(OC)=O)(C)C)C)C)C)C)C)OC,O=C(C(CC(CC(C(OC)=O)C)(C(OC)=O)C)(CC(C(OC)=O)(CC(C(OC)=O)(CC(C(OC)=O)(CC(C(OC)=O)(CC(C(OC)=O)(C)C)C)C)C)C)C)OC.CC(O)C
76,10.1016/j.memsci.2018.12.077,2019,Journal of Membrane Science,DM300,300,,1000.0,1.0,0.001,IPA,60.1,0.624,1.96,76.46,0.786,15.8,6.1,16.4,23.58,7.98,40.0,,,86.9,0.87,CC(O)C,25.0,CF,O=C(C(CC(CC(C(OC)=O)C)(C(OC)=O)C)(CC(C(OC)=O)(CC(C(OC)=O)(CC(C(OC)=O)(CC(C(OC)=O)(CC(C(OC)=O)(CC(C(OC)=O)(CC(C(OC)=O)(C)C)C)C)C)C)C)C)C)OC,O=C(C(CC(CC(C(OC)=O)C)(C(OC)=O)C)(CC(C(OC)=O)(CC(C(OC)=O)(CC(C(OC)=O)(CC(C(OC)=O)(CC(C(OC)=O)(CC(C(OC)=O)(CC(C(OC)=O)(C)C)C)C)C)C)C)C)C)OC.CC(O)C
77,10.1016/j.memsci.2018.12.077,2019,Journal of Membrane Science,DM300,300,,500.0,1.0,0.002,IPA,60.1,0.624,1.96,76.46,0.786,15.8,6.1,16.4,23.58,7.98,30.0,,,87.1,0.87,CC(O)C,25.0,CF,O=C(C(CC(CC(C(OC)=O)C)(C(OC)=O)C)(CC(C(OC)=O)(CC(C(OC)=O)(C)C)C)C)OC,O=C(C(CC(CC(C(OC)=O)C)(C(OC)=O)C)(CC(C(OC)=O)(CC(C(OC)=O)(C)C)C)C)OC.CC(O)C
78,10.1016/j.memsci.2018.12.077,2019,Journal of Membrane Science,DM300,300,,700.0,1.0,0.001429,IPA,60.1,0.624,1.96,76.46,0.786,15.8,6.1,16.4,23.58,7.98,30.0,,,87.5,0.88,CC(O)C,25.0,CF,O=C(C(CC(CC(C(OC)=O)C)(C(OC)=O)C)(CC(C(OC)=O)(CC(C(OC)=O)(CC(C(OC)=O)(CC(C(OC)=O)(C)C)C)C)C)C)OC,O=C(C(CC(CC(C(OC)=O)C)(C(OC)=O)C)(CC(C(OC)=O)(CC(C(OC)=O)(CC(C(OC)=O)(CC(C(OC)=O)(C)C)C)C)C)C)OC.CC(O)C
79,10.1016/j.memsci.2018.12.077,2019,Journal of Membrane Science,DM300,300,,900.0,1.0,0.001111,EtOH,46.1,0.52,1.07,44.13,1.044,18.4,6.3,13.7,23.79,21.71,20.0,14.0,0.7,87.7,0.88,CCO,25.0,CF,O=C(C(CC(CC(C(OC)=O)C)(C(OC)=O)C)(CC(C(OC)=O)(CC(C(OC)=O)(CC(C(OC)=O)(CC(C(OC)=O)(CC(C(OC)=O)(CC(C(OC)=O)(C)C)C)C)C)C)C)C)OC,O=C(C(CC(CC(C(OC)=O)C)(C(OC)=O)C)(CC(C(OC)=O)(CC(C(OC)=O)(CC(C(OC)=O)(CC(C(OC)=O)(CC(C(OC)=O)(CC(C(OC)=O)(C)C)C)C)C)C)C)C)OC.CCO
80,10.1002/cssc.201100355,2012,ChemSusChem,DM300,300,,690.0,0.000715,1e-06,AcMe,58.1,0.618,0.3,74.08,0.784,15.5,10.4,7.0,19.94,92.36,30.0,74.3,2.48,87.8,0.88,CC(C)=O,25.0,CF,CC(O[Pd]([P](C1=CC=CC=C1)(C2=CC=CC=C2)C3=CC=CC=C3)[P](C4=CC=CC=C4)(C5=CC=CC=C5)C6=CC=CC=C6)=O,CC(O[Pd]([P](C1=CC=CC=C1)(C2=CC=CC=C2)C3=CC=CC=C3)[P](C4=CC=CC=C4)(C5=CC=CC=C5)C6=CC=CC=C6)=O.CC(C)=O
81,10.1016/j.cherd.2010.07.002,2011,chemical engineering research and design,DM300,300,,180.2,0.1,0.000555,EtOH,46.1,0.52,1.07,44.13,1.044,18.4,6.3,13.7,23.79,21.71,20.0,24.4,1.22,87.8,0.88,CCO,25.0,CF,C1=CC(=C(C=C1/C=C/C(=O)O)O)O,C1=CC(=C(C=C1/C=C/C(=O)O)O)O.CCO
82,10.1016/j.memsci.2018.12.077,2019,Journal of Membrane Science,DM300,300,,300.0,1.0,0.003333,EtOH,46.1,0.52,1.07,44.13,1.044,18.4,6.3,13.7,23.79,21.71,20.0,14.0,0.7,88.0,0.88,CCO,25.0,CF,O=C(OC)C(C)(CC(C)(CC(C)C(OC)=O)C(OC)=O)C,O=C(OC)C(C)(CC(C)(CC(C)C(OC)=O)C(OC)=O)C.CCO
83,10.1016/j.memsci.2018.12.077,2019,Journal of Membrane Science,DM300,300,,900.0,1.0,0.001111,IPA,60.1,0.624,1.96,76.46,0.786,15.8,6.1,16.4,23.58,7.98,40.0,,,88.3,0.88,CC(O)C,25.0,CF,O=C(C(CC(CC(C(OC)=O)C)(C(OC)=O)C)(CC(C(OC)=O)(CC(C(OC)=O)(CC(C(OC)=O)(CC(C(OC)=O)(CC(C(OC)=O)(CC(C(OC)=O)(C)C)C)C)C)C)C)C)OC,O=C(C(CC(CC(C(OC)=O)C)(C(OC)=O)C)(CC(C(OC)=O)(CC(C(OC)=O)(CC(C(OC)=O)(CC(C(OC)=O)(CC(C(OC)=O)(CC(C(OC)=O)(C)C)C)C)C)C)C)C)OC.CC(O)C
84,10.1016/j.memsci.2018.12.077,2019,Journal of Membrane Science,DM300,300,,600.0,1.0,0.001667,IPA,60.1,0.624,1.96,76.46,0.786,15.8,6.1,16.4,23.58,7.98,30.0,,,88.7,0.89,CC(O)C,25.0,CF,O=C(C(CC(CC(C(OC)=O)C)(C(OC)=O)C)(CC(C(OC)=O)(CC(C(OC)=O)(CC(C(OC)=O)(C)C)C)C)C)OC,O=C(C(CC(CC(C(OC)=O)C)(C(OC)=O)C)(CC(C(OC)=O)(CC(C(OC)=O)(CC(C(OC)=O)(C)C)C)C)C)OC.CC(O)C
85,10.1016/j.memsci.2018.12.077,2019,Journal of Membrane Science,DM300,300,,800.0,1.0,0.00125,IPA,60.1,0.624,1.96,76.46,0.786,15.8,6.1,16.4,23.58,7.98,30.0,,,88.9,0.89,CC(O)C,25.0,CF,O=C(C(CC(CC(C(OC)=O)C)(C(OC)=O)C)(CC(C(OC)=O)(CC(C(OC)=O)(CC(C(OC)=O)(CC(C(OC)=O)(CC(C(OC)=O)(C)C)C)C)C)C)C)OC,O=C(C(CC(CC(C(OC)=O)C)(C(OC)=O)C)(CC(C(OC)=O)(CC(C(OC)=O)(CC(C(OC)=O)(CC(C(OC)=O)(CC(C(OC)=O)(C)C)C)C)C)C)C)OC.CC(O)C
86,10.1016/j.memsci.2016.10.015,2017,,DM300,300,,,220.0,,DMF,73.1,0.626,0.8,77.1,0.948,17.4,13.7,11.3,24.86,43.58,30.0,,,89.13,0.89,O=CN(C)C,,CF,CC(C1=CC=CC=C1)CC(C2=CC=CC=C2)CC(C3=CC=CC=C3)CC(C4=CC=CC=C4)CC(C5=CC=CC=C5)CC(C6=CC=CC=C6)CC(C)(C)C7=CC=CC=C7,CC(C1=CC=CC=C1)CC(C2=CC=CC=C2)CC(C3=CC=CC=C3)CC(C4=CC=CC=C4)CC(C5=CC=CC=C5)CC(C6=CC=CC=C6)CC(C)(C)C7=CC=CC=C7.O=CN(C)C
87,10.1016/j.memsci.2018.12.077,2019,Journal of Membrane Science,DM300,300,,200.0,1.0,0.005,EtOH,46.1,0.52,1.07,44.13,1.044,18.4,6.3,13.7,23.79,21.71,30.0,21.1,0.7,89.2,0.89,CCO,25.0,CF,CC1(C(OC)=O)CCC1(C(OC)=O)C,CC1(C(OC)=O)CCC1(C(OC)=O)C.CCO
88,10.1016/j.memsci.2018.12.077,2019,Journal of Membrane Science,DM300,300,,400.0,1.0,0.0025,IPA,60.1,0.624,1.96,76.46,0.786,15.8,6.1,16.4,23.58,7.98,40.0,,,89.5,0.9,CC(O)C,25.0,CF,O=C(OC)C(C)(CC(C)(CC(C)C(OC)=O)C(OC)=O)CC(C)(C(OC)=O)C,O=C(OC)C(C)(CC(C)(CC(C)C(OC)=O)C(OC)=O)CC(C)(C(OC)=O)C.CC(O)C
89,10.1016/j.memsci.2018.12.077,2019,Journal of Membrane Science,DM300,300,,800.0,1.0,0.00125,IPA,60.1,0.624,1.96,76.46,0.786,15.8,6.1,16.4,23.58,7.98,40.0,,,89.6,0.9,CC(O)C,25.0,CF,O=C(C(CC(CC(C(OC)=O)C)(C(OC)=O)C)(CC(C(OC)=O)(CC(C(OC)=O)(CC(C(OC)=O)(CC(C(OC)=O)(CC(C(OC)=O)(C)C)C)C)C)C)C)OC,O=C(C(CC(CC(C(OC)=O)C)(C(OC)=O)C)(CC(C(OC)=O)(CC(C(OC)=O)(CC(C(OC)=O)(CC(C(OC)=O)(CC(C(OC)=O)(C)C)C)C)C)C)C)OC.CC(O)C
90,10.1016/j.memsci.2018.12.077,2019,Journal of Membrane Science,DM300,300,,500.0,1.0,0.002,IPA,60.1,0.624,1.96,76.46,0.786,15.8,6.1,16.4,23.58,7.98,40.0,,,89.7,0.9,CC(O)C,25.0,CF,O=C(C(CC(CC(C(OC)=O)C)(C(OC)=O)C)(CC(C(OC)=O)(CC(C(OC)=O)(C)C)C)C)OC,O=C(C(CC(CC(C(OC)=O)C)(C(OC)=O)C)(CC(C(OC)=O)(CC(C(OC)=O)(C)C)C)C)OC.CC(O)C
91,10.1016/j.memsci.2018.12.077,2019,Journal of Membrane Science,DM300,300,,600.0,1.0,0.001667,IPA,60.1,0.624,1.96,76.46,0.786,15.8,6.1,16.4,23.58,7.98,40.0,,,90.0,0.9,CC(O)C,25.0,CF,O=C(C(CC(CC(C(OC)=O)C)(C(OC)=O)C)(CC(C(OC)=O)(CC(C(OC)=O)(CC(C(OC)=O)(C)C)C)C)C)OC,O=C(C(CC(CC(C(OC)=O)C)(C(OC)=O)C)(CC(C(OC)=O)(CC(C(OC)=O)(CC(C(OC)=O)(C)C)C)C)C)OC.CC(O)C
92,10.1021/acssuschemeng.5b00734,2015,ASCECG,DM300,300,,370.0,55.5,0.15,EtOH,46.1,0.52,1.07,44.13,1.044,18.4,6.3,13.7,23.79,21.71,30.0,9.8,0.33,90.0,0.9,CCO,23.0,CF,OCC[P](CCCC)(CCCC)CCCC.[I],OCC[P](CCCC)(CCCC)CCCC.[I].CCO
93,10.1016/j.memsci.2017.05.003,2017,Journal of Membrane Science,DM300,300,,327.0,11.4,0.034862,MeCN,41.1,0.55,0.37,52.23,0.786,15.3,18.0,6.1,24.4,160.91,40.0,146.5,3.66,90.2,0.9,CC#N,25.0,DE,CN(C)C1=CC=C(C=C1)N=NC2=CC=C(C=C2)S(=O)(=O)[O-].[Na+],CN(C)C1=CC=C(C=C1)N=NC2=CC=C(C=C2)S(=O)(=O)[O-].[Na+].CC#N
94,10.1016/j.memsci.2018.12.077,2019,Journal of Membrane Science,DM300,300,,300.0,1.0,0.003333,IPA,60.1,0.624,1.96,76.46,0.786,15.8,6.1,16.4,23.58,7.98,40.0,,,90.3,0.9,CC(O)C,25.0,CF,O=C(OC)C(C)(CC(C)(CC(C)C(OC)=O)C(OC)=O)C,O=C(OC)C(C)(CC(C)(CC(C)C(OC)=O)C(OC)=O)C.CC(O)C
95,10.1016/j.memsci.2018.12.077,2019,Journal of Membrane Science,DM300,300,,700.0,1.0,0.001429,IPA,60.1,0.624,1.96,76.46,0.786,15.8,6.1,16.4,23.58,7.98,40.0,,,90.4,0.9,CC(O)C,25.0,CF,O=C(C(CC(CC(C(OC)=O)C)(C(OC)=O)C)(CC(C(OC)=O)(CC(C(OC)=O)(CC(C(OC)=O)(CC(C(OC)=O)(C)C)C)C)C)C)OC,O=C(C(CC(CC(C(OC)=O)C)(C(OC)=O)C)(CC(C(OC)=O)(CC(C(OC)=O)(CC(C(OC)=O)(CC(C(OC)=O)(C)C)C)C)C)C)OC.CC(O)C
96,10.1016/j.memsci.2018.12.077,2019,Journal of Membrane Science,DM300,300,,700.0,1.0,0.001429,EtOH,46.1,0.52,1.07,44.13,1.044,18.4,6.3,13.7,23.79,21.71,30.0,21.1,0.7,90.5,0.91,CCO,25.0,CF,O=C(C(CC(CC(C(OC)=O)C)(C(OC)=O)C)(CC(C(OC)=O)(CC(C(OC)=O)(CC(C(OC)=O)(CC(C(OC)=O)(C)C)C)C)C)C)OC,O=C(C(CC(CC(C(OC)=O)C)(C(OC)=O)C)(CC(C(OC)=O)(CC(C(OC)=O)(CC(C(OC)=O)(CC(C(OC)=O)(C)C)C)C)C)C)OC.CCO
97,10.1016/j.cherd.2010.07.002,2011,chemical engineering research and design,DM300,300,,180.2,0.1,0.000555,EtOH,46.1,0.52,1.07,44.13,1.044,18.4,6.3,13.7,23.79,21.71,40.0,41.1,1.03,90.7,0.91,CCO,25.0,CF,C1=CC(=C(C=C1/C=C/C(=O)O)O)O,C1=CC(=C(C=C1/C=C/C(=O)O)O)O.CCO
98,10.1016/j.memsci.2018.12.077,2019,Journal of Membrane Science,DM300,300,,600.0,1.0,0.001667,EtOH,46.1,0.52,1.07,44.13,1.044,18.4,6.3,13.7,23.79,21.71,20.0,14.0,0.7,91.2,0.91,CCO,25.0,CF,O=C(C(CC(CC(C(OC)=O)C)(C(OC)=O)C)(CC(C(OC)=O)(CC(C(OC)=O)(CC(C(OC)=O)(C)C)C)C)C)OC,O=C(C(CC(CC(C(OC)=O)C)(C(OC)=O)C)(CC(C(OC)=O)(CC(C(OC)=O)(CC(C(OC)=O)(C)C)C)C)C)OC.CCO
99,10.1016/j.memsci.2018.12.077,2019,Journal of Membrane Science,DM300,300,,700.0,1.0,0.001429,EtOH,46.1,0.52,1.07,44.13,1.044,18.4,6.3,13.7,23.79,21.71,20.0,14.0,0.7,91.3,0.91,CCO,25.0,CF,O=C(C(CC(CC(C(OC)=O)C)(C(OC)=O)C)(CC(C(OC)=O)(CC(C(OC)=O)(CC(C(OC)=O)(CC(C(OC)=O)(C)C)C)C)C)C)OC,O=C(C(CC(CC(C(OC)=O)C)(C(OC)=O)C)(CC(C(OC)=O)(CC(C(OC)=O)(CC(C(OC)=O)(CC(C(OC)=O)(C)C)C)C)C)C)OC.CCO
100,10.1016/j.memsci.2018.12.077,2019,Journal of Membrane Science,DM300,300,,678.6,1.0,0.001474,EtOH,46.1,0.52,1.07,44.13,1.044,18.4,6.3,13.7,23.79,21.71,30.0,21.1,0.7,91.4,0.91,CCO,25.0,CF,CC(=O)OCC1C(C(C(C(O1)OC2(C(C(C(O2)COC(=O)C)OC(=O)C)OC(=O)C)COC(=O)C)OC(=O)C)OC(=O)C)OC(=O)C,CC(=O)OCC1C(C(C(C(O1)OC2(C(C(C(O2)COC(=O)C)OC(=O)C)OC(=O)C)COC(=O)C)OC(=O)C)OC(=O)C)OC(=O)C.CCO
101,10.1016/j.memsci.2018.12.077,2019,Journal of Membrane Science,DM300,300,,800.0,1.0,0.00125,EtOH,46.1,0.52,1.07,44.13,1.044,18.4,6.3,13.7,23.79,21.71,20.0,14.0,0.7,92.0,0.92,CCO,25.0,CF,O=C(C(CC(CC(C(OC)=O)C)(C(OC)=O)C)(CC(C(OC)=O)(CC(C(OC)=O)(CC(C(OC)=O)(CC(C(OC)=O)(CC(C(OC)=O)(C)C)C)C)C)C)C)OC,O=C(C(CC(CC(C(OC)=O)C)(C(OC)=O)C)(CC(C(OC)=O)(CC(C(OC)=O)(CC(C(OC)=O)(CC(C(OC)=O)(CC(C(OC)=O)(C)C)C)C)C)C)C)OC.CCO
102,10.1016/j.jfoodeng.2010.07.020,2011,Journal of Food Engineering,DM300,300,,603.0,0.3,0.000498,EtOAc,88.1,0.677,0.46,97.68,0.902,15.8,5.3,7.2,18.15,25.1,5.0,2.0,0.4,92.1,0.92,CC(OCC)=O,30.0,CF,CC(CCC=C(C)C)C1CCC2(C1(CCC34C2CCC5C3(C4)CCC(C5(C)C)OC(=O)C=CC6=CC(=C(C=C6)O)OC)C)C,CC(CCC=C(C)C)C1CCC2(C1(CCC34C2CCC5C3(C4)CCC(C5(C)C)OC(=O)C=CC6=CC(=C(C=C6)O)OC)C)C.CC(OCC)=O
103,10.1016/j.memsci.2018.12.077,2019,Journal of Membrane Science,DM300,300,,678.6,1.0,0.001474,EtOH,46.1,0.52,1.07,44.13,1.044,18.4,6.3,13.7,23.79,21.71,40.0,28.1,0.7,92.2,0.92,CCO,25.0,CF,CC(=O)OCC1C(C(C(C(O1)OC2(C(C(C(O2)COC(=O)C)OC(=O)C)OC(=O)C)COC(=O)C)OC(=O)C)OC(=O)C)OC(=O)C,CC(=O)OCC1C(C(C(C(O1)OC2(C(C(C(O2)COC(=O)C)OC(=O)C)OC(=O)C)COC(=O)C)OC(=O)C)OC(=O)C)OC(=O)C.CCO
104,10.1016/j.memsci.2018.12.077,2019,Journal of Membrane Science,DM300,300,,500.0,1.0,0.002,EtOH,46.1,0.52,1.07,44.13,1.044,18.4,6.3,13.7,23.79,21.71,20.0,14.0,0.7,92.3,0.92,CCO,25.0,CF,O=C(C(CC(CC(C(OC)=O)C)(C(OC)=O)C)(CC(C(OC)=O)(CC(C(OC)=O)(C)C)C)C)OC,O=C(C(CC(CC(C(OC)=O)C)(C(OC)=O)C)(CC(C(OC)=O)(CC(C(OC)=O)(C)C)C)C)OC.CCO
105,10.1016/j.memsci.2016.10.015,2017,,DM300,300,,,220.0,,DMF,73.1,0.626,0.8,77.1,0.948,17.4,13.7,11.3,24.86,43.58,30.0,,,92.51,0.93,O=CN(C)C,,CF,CC(C1=CC=CC=C1)CC(C2=CC=CC=C2)CC(C3=CC=CC=C3)CC(C4=CC=CC=C4)CC(C5=CC=CC=C5)CC(C6=CC=CC=C6)CC(C7=CC=CC=C7)CC(C)(C)C8=CC=CC=C8,CC(C1=CC=CC=C1)CC(C2=CC=CC=C2)CC(C3=CC=CC=C3)CC(C4=CC=CC=C4)CC(C5=CC=CC=C5)CC(C6=CC=CC=C6)CC(C7=CC=CC=C7)CC(C)(C)C8=CC=CC=C8.O=CN(C)C
106,10.1016/j.memsci.2016.10.015,2017,,DM300,300,,,220.0,,DMF,73.1,0.626,0.8,77.1,0.948,17.4,13.7,11.3,24.86,43.58,30.0,,,93.1,0.93,O=CN(C)C,,CF,CC(C1=CC=CC=C1)CC(C2=CC=CC=C2)CC(C)(C)C3=CC=CC=C3,CC(C1=CC=CC=C1)CC(C2=CC=CC=C2)CC(C)(C)C3=CC=CC=C3.O=CN(C)C
107,10.1016/j.memsci.2018.12.077,2019,Journal of Membrane Science,DM300,300,,300.0,1.0,0.003333,EtOH,46.1,0.52,1.07,44.13,1.044,18.4,6.3,13.7,23.79,21.71,30.0,21.1,0.7,93.3,0.93,CCO,25.0,CF,O=C(OC)C(C)(CC(C)(CC(C)C(OC)=O)C(OC)=O)C,O=C(OC)C(C)(CC(C)(CC(C)C(OC)=O)C(OC)=O)C.CCO
108,10.1016/j.memsci.2018.12.077,2019,Journal of Membrane Science,DM300,300,,800.0,1.0,0.00125,EtOH,46.1,0.52,1.07,44.13,1.044,18.4,6.3,13.7,23.79,21.71,30.0,21.1,0.7,93.4,0.93,CCO,25.0,CF,O=C(C(CC(CC(C(OC)=O)C)(C(OC)=O)C)(CC(C(OC)=O)(CC(C(OC)=O)(CC(C(OC)=O)(CC(C(OC)=O)(CC(C(OC)=O)(C)C)C)C)C)C)C)OC,O=C(C(CC(CC(C(OC)=O)C)(C(OC)=O)C)(CC(C(OC)=O)(CC(C(OC)=O)(CC(C(OC)=O)(CC(C(OC)=O)(CC(C(OC)=O)(C)C)C)C)C)C)C)OC.CCO
109,10.1016/j.memsci.2016.10.015,2017,,DM300,300,,,220.0,,DMF,73.1,0.626,0.8,77.1,0.948,17.4,13.7,11.3,24.86,43.58,30.0,,,93.54,0.94,O=CN(C)C,,CF,CC(C1=CC=CC=C1)CC(C2=CC=CC=C2)CC(C3=CC=CC=C3)CC(C4=CC=CC=C4)CC(C5=CC=CC=C5)CC(C6=CC=CC=C6)CC(C7=CC=CC=C7)CC(C8=CC=CC=C8)CC(C)(C)C9=CC=CC=C9,CC(C1=CC=CC=C1)CC(C2=CC=CC=C2)CC(C3=CC=CC=C3)CC(C4=CC=CC=C4)CC(C5=CC=CC=C5)CC(C6=CC=CC=C6)CC(C7=CC=CC=C7)CC(C8=CC=CC=C8)CC(C)(C)C9=CC=CC=C9.O=CN(C)C
110,10.1016/j.memsci.2018.12.077,2019,Journal of Membrane Science,DM300,300,,200.0,1.0,0.005,EtOH,46.1,0.52,1.07,44.13,1.044,18.4,6.3,13.7,23.79,21.71,40.0,28.1,0.7,93.9,0.94,CCO,25.0,CF,CC1(C(OC)=O)CCC1(C(OC)=O)C,CC1(C(OC)=O)CCC1(C(OC)=O)C.CCO
111,10.1016/j.cherd.2010.07.002,2011,chemical engineering research and design,DM300,300,,360.3,0.5,0.001388,EtOH,46.1,0.52,1.07,44.13,1.044,18.4,6.3,13.7,23.79,21.71,20.0,24.4,1.22,94.0,0.94,CCO,25.0,CF,C1=CC(=C(C=C1CC(C(=O)O)OC(=O)C=CC2=CC(=C(C=C2)O)O)O)O,C1=CC(=C(C=C1CC(C(=O)O)OC(=O)C=CC2=CC(=C(C=C2)O)O)O)O.CCO
112,10.1016/j.memsci.2018.12.077,2019,Journal of Membrane Science,DM300,300,,370.0,1.0,0.002703,EtOH,46.1,0.52,1.07,44.13,1.044,18.4,6.3,13.7,23.79,21.71,20.0,14.0,0.7,94.0,0.94,CCO,25.0,CF,CC(CC(C(C)(C)C(C1=CC=CC=C1)(C)C)C2=CC=CC=C2)C3=CC=CC=C3,CC(CC(C(C)(C)C(C1=CC=CC=C1)(C)C)C2=CC=CC=C2)C3=CC=CC=C3.CCO
113,10.1016/j.memsci.2018.12.077,2019,Journal of Membrane Science,DM300,300,,600.0,1.0,0.001667,EtOH,46.1,0.52,1.07,44.13,1.044,18.4,6.3,13.7,23.79,21.71,30.0,21.1,0.7,94.1,0.94,CCO,25.0,CF,O=C(C(CC(CC(C(OC)=O)C)(C(OC)=O)C)(CC(C(OC)=O)(CC(C(OC)=O)(CC(C(OC)=O)(C)C)C)C)C)OC,O=C(C(CC(CC(C(OC)=O)C)(C(OC)=O)C)(CC(C(OC)=O)(CC(C(OC)=O)(CC(C(OC)=O)(C)C)C)C)C)OC.CCO
114,10.1016/j.memsci.2018.12.077,2019,Journal of Membrane Science,DM300,300,,474.0,1.0,0.00211,EtOH,46.1,0.52,1.07,44.13,1.044,18.4,6.3,13.7,23.79,21.71,20.0,14.0,0.7,94.4,0.94,CCO,25.0,CF,CC(C1=CC=CC=C1)CC(CC(C(C)(C)C(C2=CC=CC=C2)(C)C)C3=CC=CC=C3)C4=CC=CC=C4,CC(C1=CC=CC=C1)CC(CC(C(C)(C)C(C2=CC=CC=C2)(C)C)C3=CC=CC=C3)C4=CC=CC=C4.CCO
115,10.1016/j.memsci.2018.12.077,2019,Journal of Membrane Science,DM300,300,,578.0,1.0,0.00173,EtOH,46.1,0.52,1.07,44.13,1.044,18.4,6.3,13.7,23.79,21.71,20.0,14.0,0.7,94.4,0.94,CCO,25.0,CF,CC(C1=CC=CC=C1)CC(C2=CC=CC=C2)CC(CC(C(C)(C)C(C3=CC=CC=C3)(C)C)C4=CC=CC=C4)C5=CC=CC=C5,CC(C1=CC=CC=C1)CC(C2=CC=CC=C2)CC(CC(C(C)(C)C(C3=CC=CC=C3)(C)C)C4=CC=CC=C4)C5=CC=CC=C5.CCO
116,10.1016/j.memsci.2018.12.077,2019,Journal of Membrane Science,DM300,300,,700.0,1.0,0.001429,EtOH,46.1,0.52,1.07,44.13,1.044,18.4,6.3,13.7,23.79,21.71,40.0,28.1,0.7,94.4,0.94,CCO,25.0,CF,O=C(C(CC(CC(C(OC)=O)C)(C(OC)=O)C)(CC(C(OC)=O)(CC(C(OC)=O)(CC(C(OC)=O)(CC(C(OC)=O)(C)C)C)C)C)C)OC,O=C(C(CC(CC(C(OC)=O)C)(C(OC)=O)C)(CC(C(OC)=O)(CC(C(OC)=O)(CC(C(OC)=O)(CC(C(OC)=O)(C)C)C)C)C)C)OC.CCO
117,10.1016/j.cherd.2010.07.002,2011,chemical engineering research and design,DM300,300,,360.3,0.5,0.001388,EtOH,46.1,0.52,1.07,44.13,1.044,18.4,6.3,13.7,23.79,21.71,40.0,41.1,1.03,94.7,0.95,CCO,25.0,CF,C1=CC(=C(C=C1CC(C(=O)O)OC(=O)C=CC2=CC(=C(C=C2)O)O)O)O,C1=CC(=C(C=C1CC(C(=O)O)OC(=O)C=CC2=CC(=C(C=C2)O)O)O)O.CCO
118,10.1016/j.memsci.2018.12.077,2019,Journal of Membrane Science,DM300,300,,900.0,1.0,0.001111,EtOH,46.1,0.52,1.07,44.13,1.044,18.4,6.3,13.7,23.79,21.71,30.0,21.1,0.7,94.8,0.95,CCO,25.0,CF,O=C(C(CC(CC(C(OC)=O)C)(C(OC)=O)C)(CC(C(OC)=O)(CC(C(OC)=O)(CC(C(OC)=O)(CC(C(OC)=O)(CC(C(OC)=O)(CC(C(OC)=O)(C)C)C)C)C)C)C)C)OC,O=C(C(CC(CC(C(OC)=O)C)(C(OC)=O)C)(CC(C(OC)=O)(CC(C(OC)=O)(CC(C(OC)=O)(CC(C(OC)=O)(CC(C(OC)=O)(CC(C(OC)=O)(C)C)C)C)C)C)C)C)OC.CCO
119,10.1016/j.memsci.2018.12.077,2019,Journal of Membrane Science,DM300,300,,266.0,1.0,0.003759,EtOH,46.1,0.52,1.07,44.13,1.044,18.4,6.3,13.7,23.79,21.71,20.0,14.0,0.7,95.0,0.95,CCO,25.0,CF,CC(C(C)(C)C(C1=CC=CC=C1)(C)C)C2=CC=CC=C2,CC(C(C)(C)C(C1=CC=CC=C1)(C)C)C2=CC=CC=C2.CCO
120,10.1016/j.memsci.2018.12.077,2019,Journal of Membrane Science,DM300,300,,370.0,1.0,0.002703,EtOH,46.1,0.52,1.07,44.13,1.044,18.4,6.3,13.7,23.79,21.71,30.0,21.1,0.7,95.0,0.95,CCO,25.0,CF,CC(CC(C(C)(C)C(C1=CC=CC=C1)(C)C)C2=CC=CC=C2)C3=CC=CC=C3,CC(CC(C(C)(C)C(C1=CC=CC=C1)(C)C)C2=CC=CC=C2)C3=CC=CC=C3.CCO
121,10.1021/acssuschemeng.5b00734,2015,ASCECG,DM300,300,,374.0,56.1,0.15,EtOH,46.1,0.52,1.07,44.13,1.044,18.4,6.3,13.7,23.79,21.71,20.0,12.7,0.64,95.0,0.95,CCO,23.0,CF,OCC[P](CCCC)(CCCC)CCCC.[I],OCC[P](CCCC)(CCCC)CCCC.[I].CCO
122,10.1016/j.memsci.2018.12.077,2019,Journal of Membrane Science,DM300,300,,474.0,1.0,0.00211,EtOH,46.1,0.52,1.07,44.13,1.044,18.4,6.3,13.7,23.79,21.71,30.0,21.1,0.7,95.2,0.95,CCO,25.0,CF,CC(C1=CC=CC=C1)CC(CC(C(C)(C)C(C2=CC=CC=C2)(C)C)C3=CC=CC=C3)C4=CC=CC=C4,CC(C1=CC=CC=C1)CC(CC(C(C)(C)C(C2=CC=CC=C2)(C)C)C3=CC=CC=C3)C4=CC=CC=C4.CCO
123,10.1016/j.memsci.2018.12.077,2019,Journal of Membrane Science,DM300,300,,800.0,1.0,0.00125,EtOH,46.1,0.52,1.07,44.13,1.044,18.4,6.3,13.7,23.79,21.71,40.0,28.1,0.7,95.2,0.95,CCO,25.0,CF,O=C(C(CC(CC(C(OC)=O)C)(C(OC)=O)C)(CC(C(OC)=O)(CC(C(OC)=O)(CC(C(OC)=O)(CC(C(OC)=O)(CC(C(OC)=O)(C)C)C)C)C)C)C)OC,O=C(C(CC(CC(C(OC)=O)C)(C(OC)=O)C)(CC(C(OC)=O)(CC(C(OC)=O)(CC(C(OC)=O)(CC(C(OC)=O)(CC(C(OC)=O)(C)C)C)C)C)C)C)OC.CCO
124,10.1016/j.memsci.2018.12.077,2019,Journal of Membrane Science,DM300,300,,578.0,1.0,0.00173,EtOH,46.1,0.52,1.07,44.13,1.044,18.4,6.3,13.7,23.79,21.71,30.0,21.1,0.7,95.3,0.95,CCO,25.0,CF,CC(C1=CC=CC=C1)CC(C2=CC=CC=C2)CC(CC(C(C)(C)C(C3=CC=CC=C3)(C)C)C4=CC=CC=C4)C5=CC=CC=C5,CC(C1=CC=CC=C1)CC(C2=CC=CC=C2)CC(CC(C(C)(C)C(C3=CC=CC=C3)(C)C)C4=CC=CC=C4)C5=CC=CC=C5.CCO
125,10.1016/j.memsci.2018.12.077,2019,Journal of Membrane Science,DM300,300,,682.0,1.0,0.001466,EtOH,46.1,0.52,1.07,44.13,1.044,18.4,6.3,13.7,23.79,21.71,20.0,14.0,0.7,95.3,0.95,CCO,25.0,CF,CC(C1=CC=CC=C1)CC(C2=CC=CC=C2)CC(C3=CC=CC=C3)CC(CC(C(C)(C)C(C4=CC=CC=C4)(C)C)C5=CC=CC=C5)C6=CC=CC=C6,CC(C1=CC=CC=C1)CC(C2=CC=CC=C2)CC(C3=CC=CC=C3)CC(CC(C(C)(C)C(C4=CC=CC=C4)(C)C)C5=CC=CC=C5)C6=CC=CC=C6.CCO
126,10.1021/acssuschemeng.5b00734,2015,ASCECG,DM300,300,,374.0,56.1,0.15,EtOH,46.1,0.52,1.07,44.13,1.044,18.4,6.3,13.7,23.79,21.71,30.0,6.5,0.22,95.4,0.95,CCO,23.0,CF,OCC[P](CCCC)(CCCC)CCCC.[I],OCC[P](CCCC)(CCCC)CCCC.[I].CCO
127,10.1016/j.memsci.2018.12.077,2019,Journal of Membrane Science,DM300,300,,682.0,1.0,0.001466,EtOH,46.1,0.52,1.07,44.13,1.044,18.4,6.3,13.7,23.79,21.71,30.0,21.1,0.7,95.5,0.96,CCO,25.0,CF,CC(C1=CC=CC=C1)CC(C2=CC=CC=C2)CC(C3=CC=CC=C3)CC(CC(C(C)(C)C(C4=CC=CC=C4)(C)C)C5=CC=CC=C5)C6=CC=CC=C6,CC(C1=CC=CC=C1)CC(C2=CC=CC=C2)CC(C3=CC=CC=C3)CC(CC(C(C)(C)C(C4=CC=CC=C4)(C)C)C5=CC=CC=C5)C6=CC=CC=C6.CCO
128,10.1016/j.memsci.2018.12.077,2019,Journal of Membrane Science,DM300,300,,300.0,1.0,0.003333,EtOH,46.1,0.52,1.07,44.13,1.044,18.4,6.3,13.7,23.79,21.71,40.0,28.1,0.7,95.6,0.96,CCO,25.0,CF,O=C(OC)C(C)(CC(C)(CC(C)C(OC)=O)C(OC)=O)C,O=C(OC)C(C)(CC(C)(CC(C)C(OC)=O)C(OC)=O)C.CCO
129,10.1016/j.memsci.2018.12.077,2019,Journal of Membrane Science,DM300,300,,600.0,1.0,0.001667,EtOH,46.1,0.52,1.07,44.13,1.044,18.4,6.3,13.7,23.79,21.71,40.0,28.1,0.7,95.6,0.96,CCO,25.0,CF,O=C(C(CC(CC(C(OC)=O)C)(C(OC)=O)C)(CC(C(OC)=O)(CC(C(OC)=O)(CC(C(OC)=O)(C)C)C)C)C)OC,O=C(C(CC(CC(C(OC)=O)C)(C(OC)=O)C)(CC(C(OC)=O)(CC(C(OC)=O)(CC(C(OC)=O)(C)C)C)C)C)OC.CCO
130,10.1016/j.memsci.2018.12.077,2019,Journal of Membrane Science,DM300,300,,370.0,1.0,0.002703,EtOH,46.1,0.52,1.07,44.13,1.044,18.4,6.3,13.7,23.79,21.71,40.0,28.1,0.7,95.7,0.96,CCO,25.0,CF,CC(CC(C(C)(C)C(C1=CC=CC=C1)(C)C)C2=CC=CC=C2)C3=CC=CC=C3,CC(CC(C(C)(C)C(C1=CC=CC=C1)(C)C)C2=CC=CC=C2)C3=CC=CC=C3.CCO
131,10.1016/j.memsci.2018.12.077,2019,Journal of Membrane Science,DM300,300,,578.0,1.0,0.00173,EtOH,46.1,0.52,1.07,44.13,1.044,18.4,6.3,13.7,23.79,21.71,40.0,28.1,0.7,95.9,0.96,CCO,25.0,CF,CC(C1=CC=CC=C1)CC(C2=CC=CC=C2)CC(CC(C(C)(C)C(C3=CC=CC=C3)(C)C)C4=CC=CC=C4)C5=CC=CC=C5,CC(C1=CC=CC=C1)CC(C2=CC=CC=C2)CC(CC(C(C)(C)C(C3=CC=CC=C3)(C)C)C4=CC=CC=C4)C5=CC=CC=C5.CCO
132,10.1016/j.memsci.2018.12.077,2019,Journal of Membrane Science,DM300,300,,682.0,1.0,0.001466,EtOH,46.1,0.52,1.07,44.13,1.044,18.4,6.3,13.7,23.79,21.71,40.0,28.1,0.7,95.9,0.96,CCO,25.0,CF,CC(C1=CC=CC=C1)CC(C2=CC=CC=C2)CC(C3=CC=CC=C3)CC(CC(C(C)(C)C(C4=CC=CC=C4)(C)C)C5=CC=CC=C5)C6=CC=CC=C6,CC(C1=CC=CC=C1)CC(C2=CC=CC=C2)CC(C3=CC=CC=C3)CC(CC(C(C)(C)C(C4=CC=CC=C4)(C)C)C5=CC=CC=C5)C6=CC=CC=C6.CCO
133,10.1016/j.memsci.2018.12.077,2019,Journal of Membrane Science,DM300,300,,474.0,1.0,0.00211,EtOH,46.1,0.52,1.07,44.13,1.044,18.4,6.3,13.7,23.79,21.71,40.0,28.1,0.7,96.0,0.96,CCO,25.0,CF,CC(C1=CC=CC=C1)CC(CC(C(C)(C)C(C2=CC=CC=C2)(C)C)C3=CC=CC=C3)C4=CC=CC=C4,CC(C1=CC=CC=C1)CC(CC(C(C)(C)C(C2=CC=CC=C2)(C)C)C3=CC=CC=C3)C4=CC=CC=C4.CCO
134,10.1021/acssuschemeng.5b00734,2015,ASCECG,DM300,300,,374.0,56.1,0.15,EtOH,46.1,0.52,1.07,44.13,1.044,18.4,6.3,13.7,23.79,21.71,30.0,8.2,0.27,96.0,0.96,CCO,23.0,CF,OCC[P](CCCC)(CCCC)CCCC.[I],OCC[P](CCCC)(CCCC)CCCC.[I].CCO
135,10.1016/j.memsci.2018.12.077,2019,Journal of Membrane Science,DM300,300,,500.0,1.0,0.002,EtOH,46.1,0.52,1.07,44.13,1.044,18.4,6.3,13.7,23.79,21.71,40.0,28.1,0.7,96.3,0.96,CCO,25.0,CF,O=C(C(CC(CC(C(OC)=O)C)(C(OC)=O)C)(CC(C(OC)=O)(CC(C(OC)=O)(C)C)C)C)OC,O=C(C(CC(CC(C(OC)=O)C)(C(OC)=O)C)(CC(C(OC)=O)(CC(C(OC)=O)(C)C)C)C)OC.CCO
136,10.1016/j.memsci.2018.12.077,2019,Journal of Membrane Science,DM300,300,,890.0,1.0,0.001124,EtOH,46.1,0.52,1.07,44.13,1.044,18.4,6.3,13.7,23.79,21.71,20.0,14.0,0.7,96.3,0.96,CCO,25.0,CF,CC(C1=CC=CC=C1)CC(C2=CC=CC=C2)CC(C3=CC=CC=C3)CC(C4=CC=CC=C4)CC(C5=CC=CC=C5)CC(CC(C(C)(C)C(C6=CC=CC=C6)(C)C)C7=CC=CC=C7)C8=CC=CC=C8,CC(C1=CC=CC=C1)CC(C2=CC=CC=C2)CC(C3=CC=CC=C3)CC(C4=CC=CC=C4)CC(C5=CC=CC=C5)CC(CC(C(C)(C)C(C6=CC=CC=C6)(C)C)C7=CC=CC=C7)C8=CC=CC=C8.CCO
137,10.1016/j.memsci.2018.12.077,2019,Journal of Membrane Science,DM300,300,,500.0,1.0,0.002,EtOH,46.1,0.52,1.07,44.13,1.044,18.4,6.3,13.7,23.79,21.71,30.0,21.1,0.7,96.4,0.96,CCO,25.0,CF,O=C(C(CC(CC(C(OC)=O)C)(C(OC)=O)C)(CC(C(OC)=O)(CC(C(OC)=O)(C)C)C)C)OC,O=C(C(CC(CC(C(OC)=O)C)(C(OC)=O)C)(CC(C(OC)=O)(CC(C(OC)=O)(C)C)C)C)OC.CCO
138,10.1016/j.memsci.2018.12.077,2019,Journal of Membrane Science,DM300,300,,266.0,1.0,0.003759,EtOH,46.1,0.52,1.07,44.13,1.044,18.4,6.3,13.7,23.79,21.71,40.0,28.1,0.7,96.5,0.97,CCO,25.0,CF,CC(C(C)(C)C(C1=CC=CC=C1)(C)C)C2=CC=CC=C2,CC(C(C)(C)C(C1=CC=CC=C1)(C)C)C2=CC=CC=C2.CCO
139,10.1016/j.jfoodeng.2010.07.020,2011,Journal of Food Engineering,DM300,300,,884.8,23.6,0.026673,EtOAc,88.1,0.677,0.46,97.68,0.902,15.8,5.3,7.2,18.15,25.1,30.0,3.0,0.1,96.7,0.97,CC(OCC)=O,30.0,CF,O=C(OCC(COC(CCCCCCC/C=C/CCCCCCCC)=O)OC(CCCCCCC/C=C/CCCCCCCC)=O)CCCCCCC/C=C/CCCCCCCC,O=C(OCC(COC(CCCCCCC/C=C/CCCCCCCC)=O)OC(CCCCCCC/C=C/CCCCCCCC)=O)CCCCCCC/C=C/CCCCCCCC.CC(OCC)=O
140,10.1016/j.memsci.2018.12.077,2019,Journal of Membrane Science,DM300,300,,266.0,1.0,0.003759,EtOH,46.1,0.52,1.07,44.13,1.044,18.4,6.3,13.7,23.79,21.71,30.0,21.1,0.7,96.7,0.97,CCO,25.0,CF,CC(C(C)(C)C(C1=CC=CC=C1)(C)C)C2=CC=CC=C2,CC(C(C)(C)C(C1=CC=CC=C1)(C)C)C2=CC=CC=C2.CCO
141,10.1016/j.memsci.2018.12.077,2019,Journal of Membrane Science,DM300,300,,786.0,1.0,0.001272,EtOH,46.1,0.52,1.07,44.13,1.044,18.4,6.3,13.7,23.79,21.71,20.0,14.0,0.7,96.7,0.97,CCO,25.0,CF,CC(C1=CC=CC=C1)CC(C2=CC=CC=C2)CC(C3=CC=CC=C3)CC(C4=CC=CC=C4)CC(CC(C(C)(C)C(C5=CC=CC=C5)(C)C)C6=CC=CC=C6)C7=CC=CC=C7,CC(C1=CC=CC=C1)CC(C2=CC=CC=C2)CC(C3=CC=CC=C3)CC(C4=CC=CC=C4)CC(CC(C(C)(C)C(C5=CC=CC=C5)(C)C)C6=CC=CC=C6)C7=CC=CC=C7.CCO
142,10.1016/j.jfoodeng.2010.07.020,2011,Journal of Food Engineering,DM300,300,,603.0,0.3,0.000498,EtOAc,88.1,0.677,0.46,97.68,0.902,15.8,5.3,7.2,18.15,25.1,30.0,3.0,0.1,96.8,0.97,CC(OCC)=O,30.0,CF,CC(CCC=C(C)C)C1CCC2(C1(CCC34C2CCC5C3(C4)CCC(C5(C)C)OC(=O)C=CC6=CC(=C(C=C6)O)OC)C)C,CC(CCC=C(C)C)C1CCC2(C1(CCC34C2CCC5C3(C4)CCC(C5(C)C)OC(=O)C=CC6=CC(=C(C=C6)O)OC)C)C.CC(OCC)=O
143,10.1016/j.memsci.2018.12.077,2019,Journal of Membrane Science,DM300,300,,890.0,1.0,0.001124,EtOH,46.1,0.52,1.07,44.13,1.044,18.4,6.3,13.7,23.79,21.71,30.0,21.1,0.7,96.8,0.97,CCO,25.0,CF,CC(C1=CC=CC=C1)CC(C2=CC=CC=C2)CC(C3=CC=CC=C3)CC(C4=CC=CC=C4)CC(C5=CC=CC=C5)CC(CC(C(C)(C)C(C6=CC=CC=C6)(C)C)C7=CC=CC=C7)C8=CC=CC=C8,CC(C1=CC=CC=C1)CC(C2=CC=CC=C2)CC(C3=CC=CC=C3)CC(C4=CC=CC=C4)CC(C5=CC=CC=C5)CC(CC(C(C)(C)C(C6=CC=CC=C6)(C)C)C7=CC=CC=C7)C8=CC=CC=C8.CCO
144,10.1016/j.memsci.2016.10.015,2017,,DM300,300,,,220.0,,DMF,73.1,0.626,0.8,77.1,0.948,17.4,13.7,11.3,24.86,43.58,30.0,,,96.92,0.97,O=CN(C)C,,CF,CC(C1=CC=CC=C1)CC(C2=CC=CC=C2)CC(C3=CC=CC=C3)CC(C4=CC=CC=C4)CC(C5=CC=CC=C5)CC(C6=CC=CC=C6)CC(C7=CC=CC=C7)CC(C8=CC=CC=C8)CC(C9=CC=CC=C9)CC(C)(C)C%10=CC=CC=C%10,CC(C1=CC=CC=C1)CC(C2=CC=CC=C2)CC(C3=CC=CC=C3)CC(C4=CC=CC=C4)CC(C5=CC=CC=C5)CC(C6=CC=CC=C6)CC(C7=CC=CC=C7)CC(C8=CC=CC=C8)CC(C9=CC=CC=C9)CC(C)(C)C%10=CC=CC=C%10.O=CN(C)C
145,10.1016/j.memsci.2018.12.077,2019,Journal of Membrane Science,DM300,300,,786.0,1.0,0.001272,EtOH,46.1,0.52,1.07,44.13,1.044,18.4,6.3,13.7,23.79,21.71,30.0,21.1,0.7,97.1,0.97,CCO,25.0,CF,CC(C1=CC=CC=C1)CC(C2=CC=CC=C2)CC(C3=CC=CC=C3)CC(C4=CC=CC=C4)CC(CC(C(C)(C)C(C5=CC=CC=C5)(C)C)C6=CC=CC=C6)C7=CC=CC=C7,CC(C1=CC=CC=C1)CC(C2=CC=CC=C2)CC(C3=CC=CC=C3)CC(C4=CC=CC=C4)CC(CC(C(C)(C)C(C5=CC=CC=C5)(C)C)C6=CC=CC=C6)C7=CC=CC=C7.CCO
146,10.1016/j.memsci.2018.12.077,2019,Journal of Membrane Science,DM300,300,,994.0,1.0,0.001006,EtOH,46.1,0.52,1.07,44.13,1.044,18.4,6.3,13.7,23.79,21.71,20.0,14.0,0.7,97.8,0.98,CCO,25.0,CF,CC(C1=CC=CC=C1)CC(C2=CC=CC=C2)CC(C3=CC=CC=C3)CC(C4=CC=CC=C4)CC(C5=CC=CC=C5)CC(C6=CC=CC=C6)CC(CC(C(C)(C)C(C7=CC=CC=C7)(C)C)C8=CC=CC=C8)C9=CC=CC=C9,CC(C1=CC=CC=C1)CC(C2=CC=CC=C2)CC(C3=CC=CC=C3)CC(C4=CC=CC=C4)CC(C5=CC=CC=C5)CC(C6=CC=CC=C6)CC(CC(C(C)(C)C(C7=CC=CC=C7)(C)C)C8=CC=CC=C8)C9=CC=CC=C9.CCO
147,10.1016/j.memsci.2016.10.015,2017,,DM300,300,,,220.0,,DMF,73.1,0.626,0.8,77.1,0.948,17.4,13.7,11.3,24.86,43.58,30.0,,,97.94,0.98,O=CN(C)C,,CF,CC(C1=CC=CC=C1)CC(C2=CC=CC=C2)CC(C3=CC=CC=C3)CC(C)(C)C4=CC=CC=C4,CC(C1=CC=CC=C1)CC(C2=CC=CC=C2)CC(C3=CC=CC=C3)CC(C)(C)C4=CC=CC=C4.O=CN(C)C
148,10.1021/acssuschemeng.5b00734,2015,ASCECG,DM300,300,,430.0,64.5,0.15,EtOH,46.1,0.52,1.07,44.13,1.044,18.4,6.3,13.7,23.79,21.71,30.0,11.4,0.38,98.0,0.98,CCO,23.0,CF,OCC[P+](CCCCCCCC)(CCCCCCC)CCCCCCCC.[I-],OCC[P+](CCCCCCCC)(CCCCCCC)CCCCCCCC.[I-].CCO
149,10.1016/j.memsci.2018.12.077,2019,Journal of Membrane Science,DM300,300,,786.0,1.0,0.001272,EtOH,46.1,0.52,1.07,44.13,1.044,18.4,6.3,13.7,23.79,21.71,40.0,28.1,0.7,98.2,0.98,CCO,25.0,CF,CC(C1=CC=CC=C1)CC(C2=CC=CC=C2)CC(C3=CC=CC=C3)CC(C4=CC=CC=C4)CC(CC(C(C)(C)C(C5=CC=CC=C5)(C)C)C6=CC=CC=C6)C7=CC=CC=C7,CC(C1=CC=CC=C1)CC(C2=CC=CC=C2)CC(C3=CC=CC=C3)CC(C4=CC=CC=C4)CC(CC(C(C)(C)C(C5=CC=CC=C5)(C)C)C6=CC=CC=C6)C7=CC=CC=C7.CCO
150,10.1016/j.memsci.2018.12.077,2019,Journal of Membrane Science,DM300,300,,890.0,1.0,0.001124,EtOH,46.1,0.52,1.07,44.13,1.044,18.4,6.3,13.7,23.79,21.71,40.0,28.1,0.7,98.2,0.98,CCO,25.0,CF,CC(C1=CC=CC=C1)CC(C2=CC=CC=C2)CC(C3=CC=CC=C3)CC(C4=CC=CC=C4)CC(C5=CC=CC=C5)CC(CC(C(C)(C)C(C6=CC=CC=C6)(C)C)C7=CC=CC=C7)C8=CC=CC=C8,CC(C1=CC=CC=C1)CC(C2=CC=CC=C2)CC(C3=CC=CC=C3)CC(C4=CC=CC=C4)CC(C5=CC=CC=C5)CC(CC(C(C)(C)C(C6=CC=CC=C6)(C)C)C7=CC=CC=C7)C8=CC=CC=C8.CCO
151,10.1016/j.memsci.2016.10.015,2017,,DM300,300,,,220.0,,DMF,73.1,0.626,0.8,77.1,0.948,17.4,13.7,11.3,24.86,43.58,30.0,,,98.97,0.99,O=CN(C)C,,CF,CC(C1=CC=CC=C1)CC(C2=CC=CC=C2)CC(C3=CC=CC=C3)CC(C4=CC=CC=C4)CC(C)(C)C5=CC=CC=C5,CC(C1=CC=CC=C1)CC(C2=CC=CC=C2)CC(C3=CC=CC=C3)CC(C4=CC=CC=C4)CC(C)(C)C5=CC=CC=C5.O=CN(C)C
152,10.1016/j.memsci.2016.10.015,2017,,DM300,300,,,220.0,,DMF,73.1,0.626,0.8,77.1,0.948,17.4,13.7,11.3,24.86,43.58,30.0,,,98.97,0.99,O=CN(C)C,,CF,CC(C1=CC=CC=C1)CC(C2=CC=CC=C2)CC(C3=CC=CC=C3)CC(C4=CC=CC=C4)CC(C5=CC=CC=C5)CC(C6=CC=CC=C6)CC(C7=CC=CC=C7)CC(C8=CC=CC=C8)CC(C9=CC=CC=C9)CC(C%10=CC=CC=C%10)CC(C%11=CC=CC=C%11)CC(C%12=CC=CC=C%12)CC(C%13=CC=CC=C%13)CC(C)(C)C%14=CC=CC=C%14,CC(C1=CC=CC=C1)CC(C2=CC=CC=C2)CC(C3=CC=CC=C3)CC(C4=CC=CC=C4)CC(C5=CC=CC=C5)CC(C6=CC=CC=C6)CC(C7=CC=CC=C7)CC(C8=CC=CC=C8)CC(C9=CC=CC=C9)CC(C%10=CC=CC=C%10)CC(C%11=CC=CC=C%11)CC(C%12=CC=CC=C%12)CC(C%13=CC=CC=C%13)CC(C)(C)C%14=CC=CC=C%14.O=CN(C)C
153,10.1002/cctc.201500902,2016,ChemCatChem,DM300,300,,180.3,1.8,0.009983,EtOH,46.1,0.52,1.07,44.13,1.044,18.4,6.3,13.7,23.79,21.71,30.0,25.7,0.86,99.0,0.99,CCO,23.0,CF,[H][C@@]1([C@@H](C2=CC=NC3=CC=C(C=C23)O)OC(C45CC6CC(C5)CC(C6)C4)=O)C[C@@H]7CC[N@]1C[C@@H]7C=C,[H][C@@]1([C@@H](C2=CC=NC3=CC=C(C=C23)O)OC(C45CC6CC(C5)CC(C6)C4)=O)C[C@@H]7CC[N@]1C[C@@H]7C=C.CCO
154,10.1016/j.memsci.2018.12.077,2019,Journal of Membrane Science,DM300,300,,994.0,1.0,0.001006,EtOH,46.1,0.52,1.07,44.13,1.044,18.4,6.3,13.7,23.79,21.71,30.0,21.1,0.7,99.0,0.99,CCO,25.0,CF,CC(C1=CC=CC=C1)CC(C2=CC=CC=C2)CC(C3=CC=CC=C3)CC(C4=CC=CC=C4)CC(C5=CC=CC=C5)CC(C6=CC=CC=C6)CC(CC(C(C)(C)C(C7=CC=CC=C7)(C)C)C8=CC=CC=C8)C9=CC=CC=C9,CC(C1=CC=CC=C1)CC(C2=CC=CC=C2)CC(C3=CC=CC=C3)CC(C4=CC=CC=C4)CC(C5=CC=CC=C5)CC(C6=CC=CC=C6)CC(CC(C(C)(C)C(C7=CC=CC=C7)(C)C)C8=CC=CC=C8)C9=CC=CC=C9.CCO
155,10.1016/j.memsci.2018.12.077,2019,Journal of Membrane Science,DM300,300,,1098.0,1.0,0.000911,EtOH,46.1,0.52,1.07,44.13,1.044,18.4,6.3,13.7,23.79,21.71,20.0,14.0,0.7,99.0,0.99,CCO,25.0,CF,CC(C1=CC=CC=C1)CC(C2=CC=CC=C2)CC(C3=CC=CC=C3)CC(C4=CC=CC=C4)CC(C5=CC=CC=C5)CC(C6=CC=CC=C6)CC(C7=CC=CC=C7)CC(CC(C(C)(C)C(C8=CC=CC=C8)(C)C)C9=CC=CC=C9)C%10=CC=CC=C%10,CC(C1=CC=CC=C1)CC(C2=CC=CC=C2)CC(C3=CC=CC=C3)CC(C4=CC=CC=C4)CC(C5=CC=CC=C5)CC(C6=CC=CC=C6)CC(C7=CC=CC=C7)CC(CC(C(C)(C)C(C8=CC=CC=C8)(C)C)C9=CC=CC=C9)C%10=CC=CC=C%10.CCO
156,10.1021/acssuschemeng.5b00734,2015,ASCECG,DM300,300,,374.0,56.1,0.15,EtOH,46.1,0.52,1.07,44.13,1.044,18.4,6.3,13.7,23.79,21.71,30.0,8.6,0.29,99.0,0.99,CCO,23.0,CF,OCC[P](CCCC)(CCCC)CCCC.[I],OCC[P](CCCC)(CCCC)CCCC.[I].CCO
157,10.1016/j.memsci.2018.12.077,2019,Journal of Membrane Science,DM300,300,,994.0,1.0,0.001006,EtOH,46.1,0.52,1.07,44.13,1.044,18.4,6.3,13.7,23.79,21.71,40.0,28.1,0.7,99.1,0.99,CCO,25.0,CF,CC(C1=CC=CC=C1)CC(C2=CC=CC=C2)CC(C3=CC=CC=C3)CC(C4=CC=CC=C4)CC(C5=CC=CC=C5)CC(C6=CC=CC=C6)CC(CC(C(C)(C)C(C7=CC=CC=C7)(C)C)C8=CC=CC=C8)C9=CC=CC=C9,CC(C1=CC=CC=C1)CC(C2=CC=CC=C2)CC(C3=CC=CC=C3)CC(C4=CC=CC=C4)CC(C5=CC=CC=C5)CC(C6=CC=CC=C6)CC(CC(C(C)(C)C(C7=CC=CC=C7)(C)C)C8=CC=CC=C8)C9=CC=CC=C9.CCO
158,10.1039/c7ra11827a,2017,RSC Adv,DM300,300,,502.4,0.5,0.000995,MeTHF,86.1,0.685,0.55,100.85,0.854,16.9,5.0,4.3,18.14,19.46,40.0,8.4,0.21,99.1,0.99,CC1CCCO1,25.0,CF,FC(C(C=C1)=CC=C1C2N=C(C3=CC=C(C(F)(F)F)C=C3)NC2C4=CC=C(C(F)(F)F)C=C4)(F)F,FC(C(C=C1)=CC=C1C2N=C(C3=CC=C(C(F)(F)F)C=C3)NC2C4=CC=C(C(F)(F)F)C=C4)(F)F.CC1CCCO1
159,10.1016/j.memsci.2017.05.003,2017,Journal of Membrane Science,DM300,300,,1018.0,35.6,0.034971,MeCN,41.1,0.55,0.37,52.23,0.786,15.3,18.0,6.1,24.4,160.91,40.0,28.9,0.72,99.2,0.99,CC#N,25.0,DE,CC1=CC(=CC(=C1N)S(=O)(=O)[O-])/C(=C\2/C=CC(=[NH2+])C(=C2)S(=O)(=O)[O-])/C3=CC(=C(C=C3)N)S(=O)(=O)[O-].[Na+].[Na+],CC1=CC(=CC(=C1N)S(=O)(=O)[O-])/C(=C\2/C=CC(=[NH2+])C(=C2)S(=O)(=O)[O-])/C3=CC(=C(C=C3)N)S(=O)(=O)[O-].[Na+].[Na+].CC#N
160,10.1016/j.memsci.2018.12.077,2019,Journal of Membrane Science,DM300,300,,1098.0,1.0,0.000911,EtOH,46.1,0.52,1.07,44.13,1.044,18.4,6.3,13.7,23.79,21.71,40.0,28.1,0.7,99.2,0.99,CCO,25.0,CF,CC(C1=CC=CC=C1)CC(C2=CC=CC=C2)CC(C3=CC=CC=C3)CC(C4=CC=CC=C4)CC(C5=CC=CC=C5)CC(C6=CC=CC=C6)CC(C7=CC=CC=C7)CC(CC(C(C)(C)C(C8=CC=CC=C8)(C)C)C9=CC=CC=C9)C%10=CC=CC=C%10,CC(C1=CC=CC=C1)CC(C2=CC=CC=C2)CC(C3=CC=CC=C3)CC(C4=CC=CC=C4)CC(C5=CC=CC=C5)CC(C6=CC=CC=C6)CC(C7=CC=CC=C7)CC(CC(C(C)(C)C(C8=CC=CC=C8)(C)C)C9=CC=CC=C9)C%10=CC=CC=C%10.CCO
161,10.1016/j.memsci.2016.10.015,2017,,DM300,300,,,220.0,,DMF,73.1,0.626,0.8,77.1,0.948,17.4,13.7,11.3,24.86,43.58,30.0,,,99.27,0.99,O=CN(C)C,,CF,CC(C1=CC=CC=C1)CC(C2=CC=CC=C2)CC(C3=CC=CC=C3)CC(C4=CC=CC=C4)CC(C5=CC=CC=C5)CC(C6=CC=CC=C6)CC(C)(C)C7=CC=CC=C7,CC(C1=CC=CC=C1)CC(C2=CC=CC=C2)CC(C3=CC=CC=C3)CC(C4=CC=CC=C4)CC(C5=CC=CC=C5)CC(C6=CC=CC=C6)CC(C)(C)C7=CC=CC=C7.O=CN(C)C
162,10.1016/j.memsci.2016.10.015,2017,,DM300,300,,,220.0,,DMF,73.1,0.626,0.8,77.1,0.948,17.4,13.7,11.3,24.86,43.58,30.0,,,99.27,0.99,O=CN(C)C,,CF,CC(C1=CC=CC=C1)CC(C2=CC=CC=C2)CC(C3=CC=CC=C3)CC(C4=CC=CC=C4)CC(C5=CC=CC=C5)CC(C6=CC=CC=C6)CC(C7=CC=CC=C7)CC(C8=CC=CC=C8)CC(C9=CC=CC=C9)CC(C%10=CC=CC=C%10)CC(C%11=CC=CC=C%11)CC(C%12=CC=CC=C%12)CC(C)(C)C%13=CC=CC=C%13,CC(C1=CC=CC=C1)CC(C2=CC=CC=C2)CC(C3=CC=CC=C3)CC(C4=CC=CC=C4)CC(C5=CC=CC=C5)CC(C6=CC=CC=C6)CC(C7=CC=CC=C7)CC(C8=CC=CC=C8)CC(C9=CC=CC=C9)CC(C%10=CC=CC=C%10)CC(C%11=CC=CC=C%11)CC(C%12=CC=CC=C%12)CC(C)(C)C%13=CC=CC=C%13.O=CN(C)C
163,10.1016/j.memsci.2018.12.077,2019,Journal of Membrane Science,DM300,300,,1098.0,1.0,0.000911,EtOH,46.1,0.52,1.07,44.13,1.044,18.4,6.3,13.7,23.79,21.71,30.0,21.1,0.7,99.3,0.99,CCO,25.0,CF,CC(C1=CC=CC=C1)CC(C2=CC=CC=C2)CC(C3=CC=CC=C3)CC(C4=CC=CC=C4)CC(C5=CC=CC=C5)CC(C6=CC=CC=C6)CC(C7=CC=CC=C7)CC(CC(C(C)(C)C(C8=CC=CC=C8)(C)C)C9=CC=CC=C9)C%10=CC=CC=C%10,CC(C1=CC=CC=C1)CC(C2=CC=CC=C2)CC(C3=CC=CC=C3)CC(C4=CC=CC=C4)CC(C5=CC=CC=C5)CC(C6=CC=CC=C6)CC(C7=CC=CC=C7)CC(CC(C(C)(C)C(C8=CC=CC=C8)(C)C)C9=CC=CC=C9)C%10=CC=CC=C%10.CCO
164,10.1039/c7ra11827a,2017,RSC Adv,DM300,300,,502.4,0.5,0.000995,MeTHF,86.1,0.685,0.55,100.85,0.854,16.9,5.0,4.3,18.14,19.46,10.0,2.5,0.25,99.3,0.99,CC1CCCO1,25.0,CF,FC(C(C=C1)=CC=C1C2N=C(C3=CC=C(C(F)(F)F)C=C3)NC2C4=CC=C(C(F)(F)F)C=C4)(F)F,FC(C(C=C1)=CC=C1C2N=C(C3=CC=C(C(F)(F)F)C=C3)NC2C4=CC=C(C(F)(F)F)C=C4)(F)F.CC1CCCO1
165,10.1016/j.memsci.2016.10.015,2017,,DM300,300,,,220.0,,DMF,73.1,0.626,0.8,77.1,0.948,17.4,13.7,11.3,24.86,43.58,30.0,,,99.41,0.99,O=CN(C)C,,CF,CC(C1=CC=CC=C1)CC(C2=CC=CC=C2)CC(C3=CC=CC=C3)CC(C4=CC=CC=C4)CC(C5=CC=CC=C5)CC(C)(C)C6=CC=CC=C6,CC(C1=CC=CC=C1)CC(C2=CC=CC=C2)CC(C3=CC=CC=C3)CC(C4=CC=CC=C4)CC(C5=CC=CC=C5)CC(C)(C)C6=CC=CC=C6.O=CN(C)C
166,10.1016/j.memsci.2016.10.015,2017,,DM300,300,,,220.0,,DMF,73.1,0.626,0.8,77.1,0.948,17.4,13.7,11.3,24.86,43.58,30.0,,,99.41,0.99,O=CN(C)C,,CF,CC(C1=CC=CC=C1)CC(C2=CC=CC=C2)CC(C3=CC=CC=C3)CC(C4=CC=CC=C4)CC(C5=CC=CC=C5)CC(C6=CC=CC=C6)CC(C7=CC=CC=C7)CC(C)(C)C8=CC=CC=C8,CC(C1=CC=CC=C1)CC(C2=CC=CC=C2)CC(C3=CC=CC=C3)CC(C4=CC=CC=C4)CC(C5=CC=CC=C5)CC(C6=CC=CC=C6)CC(C7=CC=CC=C7)CC(C)(C)C8=CC=CC=C8.O=CN(C)C
167,10.1016/j.memsci.2016.10.015,2017,,DM300,300,,,220.0,,DMF,73.1,0.626,0.8,77.1,0.948,17.4,13.7,11.3,24.86,43.58,30.0,,,99.41,0.99,O=CN(C)C,,CF,CC(C1=CC=CC=C1)CC(C2=CC=CC=C2)CC(C3=CC=CC=C3)CC(C4=CC=CC=C4)CC(C5=CC=CC=C5)CC(C6=CC=CC=C6)CC(C7=CC=CC=C7)CC(C8=CC=CC=C8)CC(C9=CC=CC=C9)CC(C)(C)C%10=CC=CC=C%10,CC(C1=CC=CC=C1)CC(C2=CC=CC=C2)CC(C3=CC=CC=C3)CC(C4=CC=CC=C4)CC(C5=CC=CC=C5)CC(C6=CC=CC=C6)CC(C7=CC=CC=C7)CC(C8=CC=CC=C8)CC(C9=CC=CC=C9)CC(C)(C)C%10=CC=CC=C%10.O=CN(C)C
168,10.1016/j.memsci.2016.10.015,2017,,DM300,300,,,220.0,,DMF,73.1,0.626,0.8,77.1,0.948,17.4,13.7,11.3,24.86,43.58,30.0,,,99.41,0.99,O=CN(C)C,,CF,CC(C1=CC=CC=C1)CC(C2=CC=CC=C2)CC(C3=CC=CC=C3)CC(C4=CC=CC=C4)CC(C5=CC=CC=C5)CC(C6=CC=CC=C6)CC(C7=CC=CC=C7)CC(C8=CC=CC=C8)CC(C9=CC=CC=C9)CC(C%10=CC=CC=C%10)CC(C)(C)C%11=CC=CC=C%11,CC(C1=CC=CC=C1)CC(C2=CC=CC=C2)CC(C3=CC=CC=C3)CC(C4=CC=CC=C4)CC(C5=CC=CC=C5)CC(C6=CC=CC=C6)CC(C7=CC=CC=C7)CC(C8=CC=CC=C8)CC(C9=CC=CC=C9)CC(C%10=CC=CC=C%10)CC(C)(C)C%11=CC=CC=C%11.O=CN(C)C
169,10.1016/j.memsci.2016.10.015,2017,,DM300,300,,,220.0,,DMF,73.1,0.626,0.8,77.1,0.948,17.4,13.7,11.3,24.86,43.58,30.0,,,99.56,1.0,O=CN(C)C,,CF,CC(C1=CC=CC=C1)CC(C2=CC=CC=C2)CC(C3=CC=CC=C3)CC(C4=CC=CC=C4)CC(C5=CC=CC=C5)CC(C6=CC=CC=C6)CC(C7=CC=CC=C7)CC(C8=CC=CC=C8)CC(C)(C)C9=CC=CC=C9,CC(C1=CC=CC=C1)CC(C2=CC=CC=C2)CC(C3=CC=CC=C3)CC(C4=CC=CC=C4)CC(C5=CC=CC=C5)CC(C6=CC=CC=C6)CC(C7=CC=CC=C7)CC(C8=CC=CC=C8)CC(C)(C)C9=CC=CC=C9.O=CN(C)C
170,10.1016/j.memsci.2016.10.015,2017,,DM300,300,,,220.0,,DMF,73.1,0.626,0.8,77.1,0.948,17.4,13.7,11.3,24.86,43.58,30.0,,,99.56,1.0,O=CN(C)C,,CF,CC(C1=CC=CC=C1)CC(C2=CC=CC=C2)CC(C3=CC=CC=C3)CC(C4=CC=CC=C4)CC(C5=CC=CC=C5)CC(C6=CC=CC=C6)CC(C7=CC=CC=C7)CC(C8=CC=CC=C8)CC(C9=CC=CC=C9)CC(C%10=CC=CC=C%10)CC(C%11=CC=CC=C%11)CC(C)(C)C%12=CC=CC=C%12,CC(C1=CC=CC=C1)CC(C2=CC=CC=C2)CC(C3=CC=CC=C3)CC(C4=CC=CC=C4)CC(C5=CC=CC=C5)CC(C6=CC=CC=C6)CC(C7=CC=CC=C7)CC(C8=CC=CC=C8)CC(C9=CC=CC=C9)CC(C%10=CC=CC=C%10)CC(C%11=CC=CC=C%11)CC(C)(C)C%12=CC=CC=C%12.O=CN(C)C
171,10.1039/c7ra11827a,2017,RSC Adv,DM300,300,,502.4,0.5,0.000995,MeTHF,86.1,0.685,0.55,100.85,0.854,16.9,5.0,4.3,18.14,19.46,20.0,5.5,0.28,99.8,1.0,CC1CCCO1,25.0,CF,FC(C(C=C1)=CC=C1C2N=C(C3=CC=C(C(F)(F)F)C=C3)NC2C4=CC=C(C(F)(F)F)C=C4)(F)F,FC(C(C=C1)=CC=C1C2N=C(C3=CC=C(C(F)(F)F)C=C3)NC2C4=CC=C(C(F)(F)F)C=C4)(F)F.CC1CCCO1
172,10.1039/c7ra11827a,2017,RSC Adv,DM300,300,,502.4,0.5,0.000995,MeTHF,86.1,0.685,0.55,100.85,0.854,16.9,5.0,4.3,18.14,19.46,30.0,7.8,0.26,99.8,1.0,CC1CCCO1,25.0,CF,FC(C(C=C1)=CC=C1C2N=C(C3=CC=C(C(F)(F)F)C=C3)NC2C4=CC=C(C(F)(F)F)C=C4)(F)F,FC(C(C=C1)=CC=C1C2N=C(C3=CC=C(C(F)(F)F)C=C3)NC2C4=CC=C(C(F)(F)F)C=C4)(F)F.CC1CCCO1
173,10.1016/j.memsci.2016.10.015,2017,,DM300,300,,,220.0,,DMF,73.1,0.626,0.8,77.1,0.948,17.4,13.7,11.3,24.86,43.58,30.0,,,100.0,1.0,O=CN(C)C,,CF,CC(C1=CC=CC=C1)CC(C2=CC=CC=C2)CC(C3=CC=CC=C3)CC(C4=CC=CC=C4)CC(C5=CC=CC=C5)CC(C6=CC=CC=C6)CC(C7=CC=CC=C7)CC(C8=CC=CC=C8)CC(C9=CC=CC=C9)CC(C%10=CC=CC=C%10)CC(C%11=CC=CC=C%11)CC(C%12=CC=CC=C%12)CC(C%13=CC=CC=C%13)CC(C%14=CC=CC=C%14)CC(C)(C)C%15=CC=CC=C%15,CC(C1=CC=CC=C1)CC(C2=CC=CC=C2)CC(C3=CC=CC=C3)CC(C4=CC=CC=C4)CC(C5=CC=CC=C5)CC(C6=CC=CC=C6)CC(C7=CC=CC=C7)CC(C8=CC=CC=C8)CC(C9=CC=CC=C9)CC(C%10=CC=CC=C%10)CC(C%11=CC=CC=C%11)CC(C%12=CC=CC=C%12)CC(C%13=CC=CC=C%13)CC(C%14=CC=CC=C%14)CC(C)(C)C%15=CC=CC=C%15.O=CN(C)C
174,10.1016/j.memsci.2016.10.015,2017,,DM300,300,,,220.0,,DMF,73.1,0.626,0.8,77.1,0.948,17.4,13.7,11.3,24.86,43.58,30.0,,,100.0,1.0,O=CN(C)C,,CF,CC(C1=CC=CC=C1)CC(C2=CC=CC=C2)CC(C3=CC=CC=C3)CC(C4=CC=CC=C4)CC(C5=CC=CC=C5)CC(C6=CC=CC=C6)CC(C7=CC=CC=C7)CC(C8=CC=CC=C8)CC(C9=CC=CC=C9)CC(C%10=CC=CC=C%10)CC(C%11=CC=CC=C%11)CC(C%12=CC=CC=C%12)CC(C%13=CC=CC=C%13)CC(C%14=CC=CC=C%14)CC(C%15=CC=CC=C%15)CC(C)(C)C%16=CC=CC=C%16,CC(C1=CC=CC=C1)CC(C2=CC=CC=C2)CC(C3=CC=CC=C3)CC(C4=CC=CC=C4)CC(C5=CC=CC=C5)CC(C6=CC=CC=C6)CC(C7=CC=CC=C7)CC(C8=CC=CC=C8)CC(C9=CC=CC=C9)CC(C%10=CC=CC=C%10)CC(C%11=CC=CC=C%11)CC(C%12=CC=CC=C%12)CC(C%13=CC=CC=C%13)CC(C%14=CC=CC=C%14)CC(C%15=CC=CC=C%15)CC(C)(C)C%16=CC=CC=C%16.O=CN(C)C
175,10.1016/j.memsci.2016.10.015,2017,,DM300,300,,,220.0,,DMF,73.1,0.626,0.8,77.1,0.948,17.4,13.7,11.3,24.86,43.58,30.0,,,100.0,1.0,O=CN(C)C,,CF,CC(C1=CC=CC=C1)CC(C2=CC=CC=C2)CC(C3=CC=CC=C3)CC(C4=CC=CC=C4)CC(C5=CC=CC=C5)CC(C6=CC=CC=C6)CC(C7=CC=CC=C7)CC(C8=CC=CC=C8)CC(C9=CC=CC=C9)CC(C%10=CC=CC=C%10)CC(C%11=CC=CC=C%11)CC(C%12=CC=CC=C%12)CC(C%13=CC=CC=C%13)CC(C%14=CC=CC=C%14)CC(C%15=CC=CC=C%15)CC(C%16=CC=CC=C%16)CC(C)(C)C%17=CC=CC=C%17,CC(C1=CC=CC=C1)CC(C2=CC=CC=C2)CC(C3=CC=CC=C3)CC(C4=CC=CC=C4)CC(C5=CC=CC=C5)CC(C6=CC=CC=C6)CC(C7=CC=CC=C7)CC(C8=CC=CC=C8)CC(C9=CC=CC=C9)CC(C%10=CC=CC=C%10)CC(C%11=CC=CC=C%11)CC(C%12=CC=CC=C%12)CC(C%13=CC=CC=C%13)CC(C%14=CC=CC=C%14)CC(C%15=CC=CC=C%15)CC(C%16=CC=CC=C%16)CC(C)(C)C%17=CC=CC=C%17.O=CN(C)C
176,10.1016/j.memsci.2016.10.015,2017,,DM300,300,,,220.0,,DMF,73.1,0.626,0.8,77.1,0.948,17.4,13.7,11.3,24.86,43.58,30.0,,,100.0,1.0,O=CN(C)C,,CF,CC(C1=CC=CC=C1)CC(C2=CC=CC=C2)CC(C3=CC=CC=C3)CC(C4=CC=CC=C4)CC(C5=CC=CC=C5)CC(C6=CC=CC=C6)CC(C7=CC=CC=C7)CC(C8=CC=CC=C8)CC(C9=CC=CC=C9)CC(C%10=CC=CC=C%10)CC(C%11=CC=CC=C%11)CC(C%12=CC=CC=C%12)CC(C%13=CC=CC=C%13)CC(C%14=CC=CC=C%14)CC(C%15=CC=CC=C%15)CC(C%16=CC=CC=C%16)CC(C%17=CC=CC=C%17)CC(C)(C)C%18=CC=CC=C%18,CC(C1=CC=CC=C1)CC(C2=CC=CC=C2)CC(C3=CC=CC=C3)CC(C4=CC=CC=C4)CC(C5=CC=CC=C5)CC(C6=CC=CC=C6)CC(C7=CC=CC=C7)CC(C8=CC=CC=C8)CC(C9=CC=CC=C9)CC(C%10=CC=CC=C%10)CC(C%11=CC=CC=C%11)CC(C%12=CC=CC=C%12)CC(C%13=CC=CC=C%13)CC(C%14=CC=CC=C%14)CC(C%15=CC=CC=C%15)CC(C%16=CC=CC=C%16)CC(C%17=CC=CC=C%17)CC(C)(C)C%18=CC=CC=C%18.O=CN(C)C
177,10.1016/j.memsci.2016.10.015,2017,,DM300,300,,,220.0,,DMF,73.1,0.626,0.8,77.1,0.948,17.4,13.7,11.3,24.86,43.58,30.0,,,100.0,1.0,O=CN(C)C,,CF,CC(C1=CC=CC=C1)CC(C2=CC=CC=C2)CC(C3=CC=CC=C3)CC(C4=CC=CC=C4)CC(C5=CC=CC=C5)CC(C6=CC=CC=C6)CC(C7=CC=CC=C7)CC(C8=CC=CC=C8)CC(C9=CC=CC=C9)CC(C%10=CC=CC=C%10)CC(C)(C)C%11=CC=CC=C%11,CC(C1=CC=CC=C1)CC(C2=CC=CC=C2)CC(C3=CC=CC=C3)CC(C4=CC=CC=C4)CC(C5=CC=CC=C5)CC(C6=CC=CC=C6)CC(C7=CC=CC=C7)CC(C8=CC=CC=C8)CC(C9=CC=CC=C9)CC(C%10=CC=CC=C%10)CC(C)(C)C%11=CC=CC=C%11.O=CN(C)C
178,10.1016/j.memsci.2016.10.015,2017,,DM300,300,,,220.0,,DMF,73.1,0.626,0.8,77.1,0.948,17.4,13.7,11.3,24.86,43.58,30.0,,,100.0,1.0,O=CN(C)C,,CF,CC(C1=CC=CC=C1)CC(C2=CC=CC=C2)CC(C3=CC=CC=C3)CC(C4=CC=CC=C4)CC(C5=CC=CC=C5)CC(C6=CC=CC=C6)CC(C7=CC=CC=C7)CC(C8=CC=CC=C8)CC(C9=CC=CC=C9)CC(C%10=CC=CC=C%10)CC(C%11=CC=CC=C%11)CC(C)(C)C%12=CC=CC=C%12,CC(C1=CC=CC=C1)CC(C2=CC=CC=C2)CC(C3=CC=CC=C3)CC(C4=CC=CC=C4)CC(C5=CC=CC=C5)CC(C6=CC=CC=C6)CC(C7=CC=CC=C7)CC(C8=CC=CC=C8)CC(C9=CC=CC=C9)CC(C%10=CC=CC=C%10)CC(C%11=CC=CC=C%11)CC(C)(C)C%12=CC=CC=C%12.O=CN(C)C
179,10.1016/j.memsci.2016.10.015,2017,,DM300,300,,,220.0,,DMF,73.1,0.626,0.8,77.1,0.948,17.4,13.7,11.3,24.86,43.58,30.0,,,100.0,1.0,O=CN(C)C,,CF,CC(C1=CC=CC=C1)CC(C2=CC=CC=C2)CC(C3=CC=CC=C3)CC(C4=CC=CC=C4)CC(C5=CC=CC=C5)CC(C6=CC=CC=C6)CC(C7=CC=CC=C7)CC(C8=CC=CC=C8)CC(C9=CC=CC=C9)CC(C%10=CC=CC=C%10)CC(C%11=CC=CC=C%11)CC(C%12=CC=CC=C%12)CC(C)(C)C%13=CC=CC=C%13,CC(C1=CC=CC=C1)CC(C2=CC=CC=C2)CC(C3=CC=CC=C3)CC(C4=CC=CC=C4)CC(C5=CC=CC=C5)CC(C6=CC=CC=C6)CC(C7=CC=CC=C7)CC(C8=CC=CC=C8)CC(C9=CC=CC=C9)CC(C%10=CC=CC=C%10)CC(C%11=CC=CC=C%11)CC(C%12=CC=CC=C%12)CC(C)(C)C%13=CC=CC=C%13.O=CN(C)C
180,10.1016/j.memsci.2016.10.015,2017,,DM300,300,,,220.0,,DMF,73.1,0.626,0.8,77.1,0.948,17.4,13.7,11.3,24.86,43.58,30.0,,,100.0,1.0,O=CN(C)C,,CF,CC(C1=CC=CC=C1)CC(C2=CC=CC=C2)CC(C3=CC=CC=C3)CC(C4=CC=CC=C4)CC(C5=CC=CC=C5)CC(C6=CC=CC=C6)CC(C7=CC=CC=C7)CC(C8=CC=CC=C8)CC(C9=CC=CC=C9)CC(C%10=CC=CC=C%10)CC(C%11=CC=CC=C%11)CC(C%12=CC=CC=C%12)CC(C%13=CC=CC=C%13)CC(C)(C)C%14=CC=CC=C%14,CC(C1=CC=CC=C1)CC(C2=CC=CC=C2)CC(C3=CC=CC=C3)CC(C4=CC=CC=C4)CC(C5=CC=CC=C5)CC(C6=CC=CC=C6)CC(C7=CC=CC=C7)CC(C8=CC=CC=C8)CC(C9=CC=CC=C9)CC(C%10=CC=CC=C%10)CC(C%11=CC=CC=C%11)CC(C%12=CC=CC=C%12)CC(C%13=CC=CC=C%13)CC(C)(C)C%14=CC=CC=C%14.O=CN(C)C
181,10.1016/j.memsci.2016.10.015,2017,,DM300,300,,,220.0,,DMF,73.1,0.626,0.8,77.1,0.948,17.4,13.7,11.3,24.86,43.58,30.0,,,100.0,1.0,O=CN(C)C,,CF,CC(C1=CC=CC=C1)CC(C2=CC=CC=C2)CC(C3=CC=CC=C3)CC(C4=CC=CC=C4)CC(C5=CC=CC=C5)CC(C6=CC=CC=C6)CC(C7=CC=CC=C7)CC(C8=CC=CC=C8)CC(C9=CC=CC=C9)CC(C%10=CC=CC=C%10)CC(C%11=CC=CC=C%11)CC(C%12=CC=CC=C%12)CC(C%13=CC=CC=C%13)CC(C%14=CC=CC=C%14)CC(C)(C)C%15=CC=CC=C%15,CC(C1=CC=CC=C1)CC(C2=CC=CC=C2)CC(C3=CC=CC=C3)CC(C4=CC=CC=C4)CC(C5=CC=CC=C5)CC(C6=CC=CC=C6)CC(C7=CC=CC=C7)CC(C8=CC=CC=C8)CC(C9=CC=CC=C9)CC(C%10=CC=CC=C%10)CC(C%11=CC=CC=C%11)CC(C%12=CC=CC=C%12)CC(C%13=CC=CC=C%13)CC(C%14=CC=CC=C%14)CC(C)(C)C%15=CC=CC=C%15.O=CN(C)C
182,10.1016/j.memsci.2016.10.015,2017,,DM300,300,,,220.0,,DMF,73.1,0.626,0.8,77.1,0.948,17.4,13.7,11.3,24.86,43.58,30.0,,,100.0,1.0,O=CN(C)C,,CF,CC(C1=CC=CC=C1)CC(C2=CC=CC=C2)CC(C3=CC=CC=C3)CC(C4=CC=CC=C4)CC(C5=CC=CC=C5)CC(C6=CC=CC=C6)CC(C7=CC=CC=C7)CC(C8=CC=CC=C8)CC(C9=CC=CC=C9)CC(C%10=CC=CC=C%10)CC(C%11=CC=CC=C%11)CC(C%12=CC=CC=C%12)CC(C%13=CC=CC=C%13)CC(C%14=CC=CC=C%14)CC(C%15=CC=CC=C%15)CC(C)(C)C%16=CC=CC=C%16,CC(C1=CC=CC=C1)CC(C2=CC=CC=C2)CC(C3=CC=CC=C3)CC(C4=CC=CC=C4)CC(C5=CC=CC=C5)CC(C6=CC=CC=C6)CC(C7=CC=CC=C7)CC(C8=CC=CC=C8)CC(C9=CC=CC=C9)CC(C%10=CC=CC=C%10)CC(C%11=CC=CC=C%11)CC(C%12=CC=CC=C%12)CC(C%13=CC=CC=C%13)CC(C%14=CC=CC=C%14)CC(C%15=CC=CC=C%15)CC(C)(C)C%16=CC=CC=C%16.O=CN(C)C
183,10.1016/j.memsci.2016.10.015,2017,,DM300,300,,,220.0,,DMF,73.1,0.626,0.8,77.1,0.948,17.4,13.7,11.3,24.86,43.58,30.0,,,100.0,1.0,O=CN(C)C,,CF,CC(C1=CC=CC=C1)CC(C2=CC=CC=C2)CC(C3=CC=CC=C3)CC(C4=CC=CC=C4)CC(C5=CC=CC=C5)CC(C6=CC=CC=C6)CC(C7=CC=CC=C7)CC(C8=CC=CC=C8)CC(C9=CC=CC=C9)CC(C%10=CC=CC=C%10)CC(C%11=CC=CC=C%11)CC(C%12=CC=CC=C%12)CC(C%13=CC=CC=C%13)CC(C%14=CC=CC=C%14)CC(C%15=CC=CC=C%15)CC(C%16=CC=CC=C%16)CC(C)(C)C%17=CC=CC=C%17,CC(C1=CC=CC=C1)CC(C2=CC=CC=C2)CC(C3=CC=CC=C3)CC(C4=CC=CC=C4)CC(C5=CC=CC=C5)CC(C6=CC=CC=C6)CC(C7=CC=CC=C7)CC(C8=CC=CC=C8)CC(C9=CC=CC=C9)CC(C%10=CC=CC=C%10)CC(C%11=CC=CC=C%11)CC(C%12=CC=CC=C%12)CC(C%13=CC=CC=C%13)CC(C%14=CC=CC=C%14)CC(C%15=CC=CC=C%15)CC(C%16=CC=CC=C%16)CC(C)(C)C%17=CC=CC=C%17.O=CN(C)C
184,10.1016/j.memsci.2016.10.015,2017,,DM300,300,,,220.0,,DMF,73.1,0.626,0.8,77.1,0.948,17.4,13.7,11.3,24.86,43.58,30.0,,,100.0,1.0,O=CN(C)C,,CF,CC(C1=CC=CC=C1)CC(C2=CC=CC=C2)CC(C3=CC=CC=C3)CC(C4=CC=CC=C4)CC(C5=CC=CC=C5)CC(C6=CC=CC=C6)CC(C7=CC=CC=C7)CC(C8=CC=CC=C8)CC(C9=CC=CC=C9)CC(C%10=CC=CC=C%10)CC(C%11=CC=CC=C%11)CC(C%12=CC=CC=C%12)CC(C%13=CC=CC=C%13)CC(C%14=CC=CC=C%14)CC(C%15=CC=CC=C%15)CC(C%16=CC=CC=C%16)CC(C%17=CC=CC=C%17)CC(C)(C)C%18=CC=CC=C%18,CC(C1=CC=CC=C1)CC(C2=CC=CC=C2)CC(C3=CC=CC=C3)CC(C4=CC=CC=C4)CC(C5=CC=CC=C5)CC(C6=CC=CC=C6)CC(C7=CC=CC=C7)CC(C8=CC=CC=C8)CC(C9=CC=CC=C9)CC(C%10=CC=CC=C%10)CC(C%11=CC=CC=C%11)CC(C%12=CC=CC=C%12)CC(C%13=CC=CC=C%13)CC(C%14=CC=CC=C%14)CC(C%15=CC=CC=C%15)CC(C%16=CC=CC=C%16)CC(C%17=CC=CC=C%17)CC(C)(C)C%18=CC=CC=C%18.O=CN(C)C
185,10.1016/j.memsci.2018.12.077,2019,Journal of Membrane Science,DM300,300,,1820.0,1.0,0.000549,EtOH,46.1,0.52,1.07,44.13,1.044,18.4,6.3,13.7,23.79,21.71,20.0,14.0,0.7,100.0,1.0,CCO,25.0,CF,CC(C1=CC=CC=C1)CC(C2=CC=CC=C2)CC(C3=CC=CC=C3)CC(C4=CC=CC=C4)CC(C5=CC=CC=C5)CC(C6=CC=CC=C6)CC(C7=CC=CC=C7)CC(C8=CC=CC=C8)CC(C9=CC=CC=C9)CC(C%10=CC=CC=C%10)CC(C%11=CC=CC=C%11)CC(C%12=CC=CC=C%12)CC(C%13=CC=CC=C%13)CC(C%14=CC=CC=C%14)CC(CC(C(C)(C)C(C%15=CC=CC=C%15)(C)C)C%16=CC=CC=C%16)C%17=CC=CC=C%17,CC(C1=CC=CC=C1)CC(C2=CC=CC=C2)CC(C3=CC=CC=C3)CC(C4=CC=CC=C4)CC(C5=CC=CC=C5)CC(C6=CC=CC=C6)CC(C7=CC=CC=C7)CC(C8=CC=CC=C8)CC(C9=CC=CC=C9)CC(C%10=CC=CC=C%10)CC(C%11=CC=CC=C%11)CC(C%12=CC=CC=C%12)CC(C%13=CC=CC=C%13)CC(C%14=CC=CC=C%14)CC(CC(C(C)(C)C(C%15=CC=CC=C%15)(C)C)C%16=CC=CC=C%16)C%17=CC=CC=C%17.CCO
186,10.1016/j.memsci.2019.117202,2019,Journal of Membrane Science,DM300,300,,879.4,50.0,0.056857,AcMe,58.1,0.618,0.3,74.08,0.784,15.5,10.4,7.0,19.94,92.36,26.0,2.9,0.11,100.0,1.0,CC(C)=O,25.0,DE,O=C(OCC(OC(CCCCCCCCCCCCCCCCC)=O)COC(CCCCCCCCCCCCCCCCC)=O)CCCCCCCCCCCCCCCCC,O=C(OCC(OC(CCCCCCCCCCCCCCCCC)=O)COC(CCCCCCCCCCCCCCCCC)=O)CCCCCCCCCCCCCCCCC.CC(C)=O
187,10.1016/j.memsci.2017.05.003,2017,Journal of Membrane Science,DM300,300,,586.0,20.5,0.034983,MeCN,41.1,0.55,0.37,52.23,0.786,15.3,18.0,6.1,24.4,160.91,40.0,48.2,1.2,100.0,1.0,CC#N,25.0,DE,CC1=CC(=CC(=C1N)S(=O)(=O)[O-])/C(=C\2/C=CC(=[NH2+])C(=C2)S(=O)(=O)[O-])/C3=CC(=C(C=C3)N)S(=O)(=O)[O-].[Na+].[Na+],CC1=CC(=CC(=C1N)S(=O)(=O)[O-])/C(=C\2/C=CC(=[NH2+])C(=C2)S(=O)(=O)[O-])/C3=CC(=C(C=C3)N)S(=O)(=O)[O-].[Na+].[Na+].CC#N
